desc: I1 cache:         32768 B, 64 B, 8-way associative
desc: D1 cache:         32768 B, 64 B, 8-way associative
desc: LL cache:         12582912 B, 64 B, 12-way associative
cmd: ./a.out 8000000 10000
events: Ir I1mr ILmr Dr D1mr DLmr Dw D1mw DLmw 
fl=./csu/../csu/libc-start.c
fn=__libc_start_main@@GLIBC_2.34
128 2 1 1 2 0 0 0 0 0
134 3 0 0 1 1 0 0 0 0
135 7 0 0 3 0 0 2 0 0
138 1 0 0 1 0 0 0 0 0
139 2 1 1 0 0 0 0 0 0
142 3 0 0 2 1 0 0 0 0
143 2 0 0 2 0 0 0 0 0
144 11 0 0 1 0 0 1 0 0
145 4 1 1 1 0 0 2 0 0
242 13 1 1 0 0 0 7 0 0
311 3 0 0 0 0 0 0 0 0
312 3 0 0 0 0 0 1 0 0
337 6 1 1 2 0 0 1 0 0
340 2 0 0 0 0 0 0 0 0
343 2 0 0 2 0 0 0 0 0
350 2 0 0 1 0 0 1 0 0
352 2 0 0 0 0 0 0 0 0
360 4 0 0 1 0 0 1 0 0
fl=./csu/../sysdeps/nptl/libc_start_call_main.h
fn=(below main)
29 9 1 1 1 0 0 5 0 0
44 3 1 1 0 0 0 1 0 0
46 2 0 0 0 0 0 0 0 0
51 2 0 0 1 1 0 1 0 0
52 2 0 0 1 1 0 1 0 0
55 2 0 0 0 0 0 1 0 0
58 6 1 1 5 0 0 1 0 0
74 2 0 0 0 0 0 1 0 0
fl=./csu/./csu/init-first.c
fn=_init_first
46 6 1 1 0 0 0 2 0 0
51 2 0 0 1 0 0 0 0 0
55 5 1 1 4 2 1 0 0 0
61 1 0 0 0 0 0 1 1 0
62 1 0 0 0 0 0 1 0 0
63 2 0 0 1 1 0 1 1 1
71 2 0 0 0 0 0 0 0 0
72 3 0 0 2 0 0 0 0 0
fl=./ctype/./ctype/ctype-info.c
fn=__ctype_init
29 1 1 1 0 0 0 0 0 0
31 7 1 1 5 3 0 1 0 0
33 4 0 0 2 0 0 1 0 0
35 4 0 0 2 0 0 1 0 0
36 1 0 0 1 0 0 0 0 0
fl=./debug/../sysdeps/x86_64/multiarch/ifunc-memmove.h
fn=__memcpy_chk
56 2 0 0 0 0 0 0 0 0
57 3 1 1 2 0 0 0 0 0
60 3 0 0 1 0 0 0 0 0
61 2 1 1 0 0 0 0 0 0
74 2 0 0 0 0 0 0 0 0
77 2 0 0 0 0 0 0 0 0
85 2 0 0 0 0 0 0 0 0
93 2 1 1 0 0 0 0 0 0
96 5 2 2 1 0 0 0 0 0
fn=__memmove_chk
56 2 0 0 0 0 0 0 0 0
57 3 0 0 2 0 0 0 0 0
60 3 0 0 1 0 0 0 0 0
61 2 1 1 0 0 0 0 0 0
74 2 0 0 0 0 0 0 0 0
77 2 1 1 0 0 0 0 0 0
85 2 0 0 0 0 0 0 0 0
93 2 0 0 0 0 0 0 0 0
96 5 0 0 1 0 0 0 0 0
fn=__mempcpy_chk
56 2 0 0 0 0 0 0 0 0
57 3 1 1 2 0 0 0 0 0
60 3 0 0 1 0 0 0 0 0
61 2 1 1 0 0 0 0 0 0
74 2 0 0 0 0 0 0 0 0
77 2 0 0 0 0 0 0 0 0
85 2 0 0 0 0 0 0 0 0
93 2 1 1 0 0 0 0 0 0
96 5 2 2 1 0 0 0 0 0
fl=./debug/../sysdeps/x86_64/multiarch/ifunc-memset.h
fn=__memset_chk
54 5 0 0 2 0 0 0 0 0
57 3 0 0 1 0 0 0 0 0
58 2 1 1 0 0 0 0 0 0
64 2 1 1 0 0 0 0 0 0
73 2 0 0 0 0 0 0 0 0
75 2 0 0 0 0 0 0 0 0
85 2 0 0 0 0 0 0 0 0
93 2 0 0 0 0 0 0 0 0
96 5 0 0 1 0 0 0 0 0
fl=./debug/../sysdeps/x86_64/multiarch/memcpy_chk.c
fn=__memcpy_chk
29 1 1 1 0 0 0 0 0 0
fl=./debug/../sysdeps/x86_64/multiarch/memmove_chk.c
fn=__memmove_chk
29 1 0 0 0 0 0 0 0 0
fl=./debug/../sysdeps/x86_64/multiarch/mempcpy_chk.c
fn=__mempcpy_chk
29 1 1 1 0 0 0 0 0 0
fl=./debug/../sysdeps/x86_64/multiarch/memset_chk.c
fn=__memset_chk
29 1 0 0 0 0 0 0 0 0
fl=./debug/./debug/printf_chk.c
fn=__printf_chk
25 34 2 2 2 0 0 20 4 2
28 8 1 1 0 0 0 0 0 0
32 12 0 0 0 0 0 8 0 0
33 8 0 0 4 2 2 2 0 0
37 10 1 1 8 0 0 0 0 0
fl=./elf/../bits/stdlib-bsearch.h
fn=intel_check_word.constprop.0
27 96 0 0 0 0 0 0 0 0
28 48 0 0 0 0 0 0 0 0
29 744 0 0 0 0 0 0 0 0
31 648 0 0 0 0 0 0 0 0
32 348 0 0 0 0 0 0 0 0
35 264 0 0 0 0 0 0 0 0
37 120 1 1 0 0 0 0 0 0
fl=./elf/../elf/dl-tls.c
fn=_dl_add_to_slotinfo
1017 9 1 1 0 0 0 5 0 0
1023 1 0 0 1 0 0 0 0 0
1026 1 0 0 1 0 0 0 0 0
1027 1 0 0 0 0 0 0 0 0
1031 3 1 1 1 0 0 0 0 0
1065 2 0 0 0 0 0 0 0 0
1068 2 0 0 0 0 0 1 0 0
1069 3 0 0 1 0 0 1 0 0
1072 6 1 1 6 0 0 0 0 0
fn=_dl_allocate_tls_init
523 11 1 1 0 0 0 8 0 0
524 2 0 0 0 0 0 0 0 0
528 2 0 0 1 1 0 1 0 0
531 1 0 0 0 0 0 0 0 0
534 2 1 1 1 1 0 1 0 0
537 3 0 0 2 1 0 0 0 0
549 1 0 0 1 0 0 0 0 0
554 17 1 1 2 0 0 1 0 0
560 5 1 1 0 0 0 0 0 0
563 3 0 0 1 0 0 0 0 0
564 2 0 0 0 0 0 0 0 0
570 3 1 1 2 0 0 0 0 0
571 2 0 0 0 0 0 0 0 0
573 10 0 0 3 1 0 1 0 0
576 2 0 0 0 0 0 0 0 0
577 2 0 0 1 0 0 0 0 0
580 2 1 1 0 0 0 0 0 0
581 4 0 0 2 0 0 0 0 0
583 2 0 0 0 0 0 0 0 0
584 2 0 0 1 0 0 0 0 0
593 1 0 0 0 0 0 1 0 0
601 2 0 0 1 0 0 0 0 0
603 10 0 0 2 0 0 3 0 0
609 1 0 0 1 0 0 0 0 0
615 2 0 0 1 0 0 1 0 0
618 2 0 0 1 0 0 1 0 0
621 9 0 0 8 0 0 0 0 0
fn=_dl_allocate_tls_storage
365 1 0 0 1 0 0 0 0 0
369 1 1 1 0 0 0 0 0 0
370 1 0 0 0 0 0 0 0 0
371 2 0 0 0 0 0 0 0 0
374 1 0 0 0 0 0 1 1 1
380 2 0 0 0 0 0 1 0 0
417 7 2 2 0 0 0 4 0 0
419 1 0 0 1 0 0 0 0 0
430 1 0 0 1 0 0 0 0 0
431 1 0 0 0 0 0 0 0 0
432 2 0 0 0 0 0 0 0 0
440 6 0 0 0 0 0 0 0 0
441 1 1 1 0 0 0 0 0 0
445 305 0 0 0 0 0 297 37 37
464 1 0 0 0 0 0 1 1 1
470 7 0 0 5 0 0 0 0 0
fn=_dl_assign_tls_modid
125 4 1 1 0 0 0 1 0 0
128 2 0 0 1 0 0 0 0 0
141 1 0 0 1 0 0 0 0 0
181 1 0 0 0 0 0 0 0 0
183 1 1 1 0 0 0 1 0 0
186 1 0 0 0 0 0 1 0 0
187 2 0 0 2 0 0 0 0 0
fn=_dl_count_modids
192 1 1 1 0 0 0 0 0 0
194 2 0 0 1 0 0 0 0 0
195 1 0 0 1 0 0 0 0 0
210 2 0 0 1 0 0 0 0 0
fn=_dl_determine_tlsoffset
216 9 1 1 0 0 0 6 0 0
217 1 0 0 0 0 0 0 0 0
218 1 0 0 0 0 0 0 0 0
219 1 0 0 0 0 0 0 0 0
222 4 0 0 1 0 0 1 0 0
225 2 0 0 1 0 0 0 0 0
259 1 0 0 0 0 0 0 0 0
261 11 1 1 3 0 0 0 0 0
263 5 1 1 2 0 0 1 0 0
265 3 1 1 1 0 0 0 0 0
266 2 0 0 1 0 0 0 0 0
268 2 0 0 0 0 0 0 0 0
270 5 0 0 1 0 0 0 0 0
281 1 0 0 0 0 0 1 0 0
286 8 0 0 0 0 0 0 0 0
288 2 0 0 0 0 0 0 0 0
289 1 0 0 0 0 0 0 0 0
294 1 0 0 0 0 0 0 0 0
301 1 0 0 0 0 0 1 0 0
302 7 2 2 1 0 0 0 0 0
304 2 0 0 0 0 0 1 0 0
354 1 0 0 0 0 0 1 0 0
355 8 0 0 7 0 0 0 0 0
fn=_dl_tls_static_surplus_init
83 3 0 0 0 0 0 0 0 0
97 8 1 1 0 0 0 4 0 0
100 6 0 0 1 0 0 1 0 0
101 5 0 0 1 0 0 1 0 0
102 3 0 0 0 0 0 0 0 0
104 4 1 1 0 0 0 0 0 0
107 1 0 0 0 0 0 0 0 0
109 1 0 0 0 0 0 1 0 0
111 3 0 0 0 0 0 1 0 0
112 6 0 0 5 0 0 0 0 0
fl=./elf/../include/list.h
fn=__tls_init_tp
43 2 1 1 1 1 0 1 0 0
44 2 0 0 0 0 0 1 0 0
45 1 0 0 0 0 0 1 0 0
47 1 0 0 0 0 0 1 0 0
fl=./elf/../include/rtld-malloc.h
fn=__minimal_calloc
56 8 0 0 8 0 0 0 0 0
fn=_dl_allocate_tls_storage
44 2 0 0 1 0 0 1 0 0
56 1 0 0 1 0 0 1 0 0
fn=_dl_check_map_versions
44 9 1 1 3 0 0 3 0 0
fn=_dl_find_object_init
56 2 0 0 1 0 0 1 0 0
fn=_dl_important_hwcaps
56 4 0 0 2 0 0 2 0 0
fn=_dl_init_paths
56 5 0 0 3 0 0 3 0 0
fn=_dl_map_object_deps
56 6 0 0 3 0 0 3 0 0
fn=_dl_new_object
44 9 0 0 3 0 0 3 1 1
56 6 1 1 2 0 0 2 0 0
fn=fillin_rpath.isra.0
50 8 1 1 8 0 0 4 0 0
51 4 0 0 0 0 0 0 0 0
56 6 0 0 3 0 0 3 0 0
fn=init_tls
44 2 0 0 1 0 0 1 0 0
fl=./elf/../include/scratch_buffer.h
fn=_dl_map_object_deps
77 2 0 0 0 0 0 1 1 1
78 1 0 0 0 0 0 1 0 0
85 3 1 1 1 0 0 0 0 0
131 8 1 1 0 0 0 4 0 0
fl=./elf/../misc/sbrk.c
fn=sbrk
37 6 1 1 0 0 0 3 0 0
40 1 0 0 1 0 0 0 0 0
58 2 0 0 0 0 0 0 0 0
62 2 0 0 0 0 0 0 0 0
78 5 1 1 4 0 0 0 0 0
fl=./elf/../nptl/nptl-stack.h
fn=__libc_early_init
61 8 0 0 2 1 0 0 0 0
fl=./elf/../sysdeps/generic/_itoa.h
fn=_dl_check_map_versions
76 6 0 0 2 0 0 4 0 0
fl=./elf/../sysdeps/generic/dl-cache.h
fn=_dl_load_cache_lookup
125 1 1 1 1 0 0 0 0 0
194 1 0 0 1 0 0 0 0 0
195 5 0 0 0 0 0 0 0 0
fl=./elf/../sysdeps/generic/dl-call_tls_init_tp.h
fn=init_tls
31 8 0 0 0 0 0 2 0 0
33 1 0 0 0 0 0 1 0 0
fl=./elf/../sysdeps/generic/dl-debug.h
fn=dl_main
29 4 0 0 2 0 0 0 0 0
30 1 0 0 0 0 0 1 0 0
fl=./elf/../sysdeps/generic/dl-hash.h
fn=__rtld_malloc_init_real
43 1 0 0 0 0 0 0 0 0
44 1 0 0 0 0 0 0 0 0
45 19 0 0 6 1 1 0 0 0
48 18 0 0 0 0 0 0 0 0
62 24 0 0 0 0 0 0 0 0
67 1 0 0 0 0 0 0 0 0
72 1 0 0 0 0 0 1 0 0
fl=./elf/../sysdeps/generic/dl-new-hash.h
fn=_dl_lookup_symbol_x
69 103 0 0 0 0 0 0 0 0
70 206 0 0 0 0 0 0 0 0
74 824 0 0 824 87 86 0 0 0
77 1648 0 0 0 0 0 0 0 0
80 768 0 0 768 12 12 0 0 0
81 1536 0 0 0 0 0 0 0 0
87 47 1 1 0 0 0 0 0 0
88 47 0 0 0 0 0 0 0 0
89 94 0 0 0 0 0 0 0 0
90 47 0 0 0 0 0 0 0 0
99 721 0 0 0 0 0 0 0 0
101 721 0 0 0 0 0 0 0 0
102 1442 0 0 0 0 0 0 0 0
104 721 1 1 0 0 0 0 0 0
105 721 0 0 0 0 0 0 0 0
fl=./elf/../sysdeps/generic/dl-protected.h
fn=do_lookup_x
29 384 0 0 0 0 0 0 0 0
fl=./elf/../sysdeps/generic/ldsodefs.h
fn=_dl_relocate_object
79 35 1 1 17 0 0 0 0 0
140 318 0 0 106 0 0 0 0 0
fn=_dl_start
79 6 1 1 3 0 0 0 0 0
fn=do_lookup_x
139 192 0 0 96 0 0 0 0 0
140 288 0 0 0 0 0 0 0 0
fl=./elf/../sysdeps/nptl/dl-mutex.c
fn=__rtld_mutex_init
30 7 1 1 0 0 0 4 0 0
37 1 0 0 1 0 0 0 0 0
40 7 0 0 0 0 0 1 0 0
44 2 1 1 0 0 0 0 0 0
45 9 0 0 3 0 0 1 0 0
47 6 0 0 0 0 0 1 0 0
51 2 1 1 0 0 0 0 0 0
52 7 0 0 3 0 0 1 0 0
53 6 0 0 5 0 0 0 0 0
fl=./elf/../sysdeps/nptl/dl-tls_init_tp.c
fn=__tls_init_tp
68 5 0 0 0 0 0 2 0 0
69 1 0 0 1 0 0 0 0 0
72 1 0 0 0 0 0 0 0 0
75 4 0 0 0 0 0 1 0 0
76 2 0 0 0 0 0 1 0 0
77 1 1 1 0 0 0 1 0 0
82 2 0 0 1 0 0 1 0 0
87 4 0 0 0 0 0 1 0 0
90 1 0 0 0 0 0 1 0 0
93 3 0 0 0 0 0 0 0 0
105 4 1 1 0 0 0 1 0 0
121 3 0 0 2 1 0 1 0 0
128 2 0 0 1 0 0 1 0 0
129 3 0 0 3 0 0 0 0 0
fn=__tls_pre_init_tp
53 3 1 1 0 0 0 0 0 0
56 10 1 1 0 0 0 3 1 1
61 2 0 0 0 0 0 1 0 0
62 1 1 1 0 0 0 1 0 0
64 1 0 0 1 0 0 0 0 0
fn=rtld_mutex_dummy
42 8 0 0 0 0 0 0 0 0
44 16 0 0 8 0 0 0 0 0
fl=./elf/../sysdeps/nptl/pthread_early_init.h
fn=__libc_early_init
33 6 0 0 0 0 0 1 0 0
34 1 0 0 1 0 0 0 0 0
38 5 1 1 0 0 0 0 0 0
45 2 0 0 2 0 0 0 0 0
46 1 1 1 0 0 0 0 0 0
48 2 0 0 0 0 0 0 0 0
52 5 0 0 0 0 0 1 0 0
53 1 0 0 0 0 0 1 1 1
54 1 0 0 0 0 0 1 1 1
56 1 0 0 0 0 0 1 0 0
fl=./elf/../sysdeps/posix/dl-fileid.h
fn=_dl_map_object_from_fd
37 8 0 0 0 0 0 2 1 1
40 8 0 0 6 1 1 2 0 0
49 12 0 0 6 1 1 0 0 0
fl=./elf/../sysdeps/unix/sysv/linux/brk.c
fn=brk
36 1 1 1 0 0 0 0 0 0
37 1 0 0 0 0 0 1 1 1
38 2 0 0 0 0 0 0 0 0
44 1 0 0 0 0 0 0 0 0
45 1 0 0 1 0 0 0 0 0
fl=./elf/../sysdeps/unix/sysv/linux/brk_call.h
fn=brk
24 2 0 0 0 0 0 0 0 0
fl=./elf/../sysdeps/unix/sysv/linux/dl-osinfo.h
fn=dl_main
39 2 0 0 1 1 0 0 0 0
52 1 0 0 1 0 0 0 0 0
fl=./elf/../sysdeps/unix/sysv/linux/dl-parse_auxv.h
fn=_dl_sysdep_parse_arguments
32 2 0 0 0 0 0 1 0 0
33 1 0 0 0 0 0 1 0 0
34 1 0 0 0 0 0 1 0 0
41 93 1 1 24 5 5 0 0 0
42 44 0 0 0 0 0 0 0 0
43 44 0 0 22 0 0 22 0 0
45 1 0 0 0 0 0 1 0 0
46 2 0 0 1 0 0 1 0 0
47 2 0 0 1 0 0 1 0 0
48 2 0 0 1 0 0 1 0 0
49 1 0 0 0 0 0 1 0 0
51 2 1 1 1 0 0 1 0 0
52 2 0 0 1 0 0 1 1 1
53 2 0 0 1 0 0 1 0 0
54 2 1 1 1 0 0 1 0 0
56 2 0 0 1 0 0 1 0 0
fl=./elf/../sysdeps/unix/sysv/linux/dl-sysdep.c
fn=_dl_sysdep_parse_arguments
78 7 1 1 0 0 0 4 0 0
79 2 0 0 1 0 0 1 1 1
80 2 0 0 0 0 0 1 0 0
81 3 0 0 0 0 0 1 1 1
82 38 0 0 0 0 0 0 0 0
83 79 1 1 39 6 6 0 0 0
86 2 1 1 0 0 0 1 1 1
90 56 0 0 0 0 0 52 7 7
93 5 0 0 3 0 0 1 0 0
94 2 0 0 1 0 0 1 0 0
95 3 1 1 2 0 0 1 0 0
96 6 0 0 5 0 0 0 0 0
fn=_dl_sysdep_start
102 6 1 1 0 0 0 2 0 0
103 1 0 0 0 0 0 1 0 0
106 2 0 0 0 0 0 1 1 1
110 2 0 0 1 0 0 1 0 0
113 1 0 0 0 0 0 1 0 0
115 2 0 0 0 0 0 1 0 0
122 3 1 1 1 0 0 0 0 0
123 2 0 0 0 0 0 2 0 0
125 5 0 0 0 0 0 1 0 0
137 3 0 0 1 0 0 0 0 0
140 5 1 1 3 0 0 1 0 0
143 4 1 0 4 1 0 0 0 0
fn=_dl_sysdep_start_cleanup
147 1 1 1 0 0 0 0 0 0
148 1 0 0 1 0 0 0 0 0
fl=./elf/../sysdeps/unix/sysv/linux/dl-vdso-setup.h
fn=dl_main
30 1 0 0 0 0 0 1 0 0
33 1 1 1 0 0 0 1 0 0
36 1 0 0 0 0 0 1 0 0
39 1 0 0 0 0 0 1 0 0
45 1 0 0 0 0 0 1 0 0
fl=./elf/../sysdeps/unix/sysv/linux/dl-vdso.h
fn=dl_main
40 2 1 1 1 0 0 0 0 0
41 5 0 0 0 0 0 2 0 0
55 2 0 0 0 0 0 0 0 0
fl=./elf/../sysdeps/unix/sysv/linux/rseq-internal.h
fn=__tls_init_tp
32 3 0 0 1 0 0 0 0 0
34 7 1 1 0 0 0 0 0 0
37 2 0 0 0 0 0 0 0 0
40 1 0 0 0 0 0 1 0 0
fl=./elf/../sysdeps/unix/sysv/linux/x86/dl-hwcap2.h
fn=update_active.constprop.0
25 2 0 0 1 0 0 0 0 0
fl=./elf/../sysdeps/unix/sysv/linux/x86/dl-minsigstacksize.h
fn=get_common_indices.constprop.0
24 2 2 2 1 0 0 0 0 0
27 2 0 0 1 0 0 0 0 0
28 2 0 0 1 0 0 0 0 0
65 3 0 0 0 0 0 0 0 0
72 1 0 0 0 0 0 0 0 0
74 1 0 0 0 0 0 1 0 0
fl=./elf/../sysdeps/x86/cpu-features.c
fn=get_common_indices.constprop.0
398 3 1 1 0 0 0 2 0 0
402 4 0 0 0 0 0 0 0 0
405 5 0 0 0 0 0 3 0 0
409 1 0 0 0 0 0 1 0 0
410 4 0 0 0 0 0 1 0 0
411 4 1 1 0 0 0 1 0 0
412 4 0 0 0 0 0 1 0 0
413 3 0 0 0 0 0 1 0 0
414 2 0 0 1 0 0 0 0 0
421 2 0 0 1 0 0 0 0 0
423 9 0 0 0 0 0 4 1 1
428 8 2 2 0 0 0 4 1 1
435 2 0 0 1 0 0 0 0 0
436 7 0 0 0 0 0 4 1 1
442 2 0 0 1 0 0 0 0 0
457 3 0 0 3 0 0 0 0 0
fn=init_cpu_features.constprop.0
376 3 0 0 0 0 0 0 0 0
377 2 0 0 0 0 0 0 0 0
378 6 0 0 0 0 0 4 0 0
383 2 1 1 0 0 0 0 0 0
384 6 1 1 0 0 0 4 0 0
389 2 0 0 0 0 0 0 0 0
390 7 1 1 0 0 0 4 0 0
682 8 1 1 0 0 0 6 0 0
685 1 0 0 0 0 0 1 0 0
686 1 1 1 0 0 0 1 0 0
687 1 0 0 0 0 0 1 0 0
690 1 0 0 0 0 0 1 1 1
699 3 0 0 0 0 0 1 0 0
702 6 1 1 0 0 0 0 0 0
703 1 0 0 0 0 0 0 0 0
706 2 0 0 0 0 0 1 0 0
708 6 2 2 0 0 0 1 0 0
713 1 0 0 0 0 0 1 0 0
715 3 0 0 1 0 0 0 0 0
717 9 2 2 3 1 1 1 0 0
721 7 0 0 1 1 1 0 0 0
774 3 0 0 2 0 0 0 0 0
781 2 1 1 0 0 0 1 0 0
799 1 1 1 0 0 0 1 0 0
832 2 0 0 0 0 0 0 0 0
866 4 1 1 0 0 0 0 0 0
869 2 0 0 0 0 0 1 0 0
870 1 1 1 0 0 0 0 0 0
878 2 1 1 1 0 0 0 0 0
885 2 0 0 1 0 0 0 0 0
887 2 0 0 0 0 0 1 0 0
891 2 0 0 0 0 0 0 0 0
897 2 0 0 1 0 0 0 0 0
899 1 1 1 0 0 0 0 0 0
1001 3 1 1 1 0 0 0 0 0
1002 2 0 0 0 0 0 1 0 0
1005 2 0 0 0 0 0 0 0 0
1006 2 0 0 0 0 0 1 0 0
1012 1 0 0 0 0 0 1 0 0
1013 1 0 0 0 0 0 1 0 0
1014 1 0 0 0 0 0 1 0 0
1015 2 1 1 1 0 0 1 0 0
1019 4 0 0 0 0 0 1 0 0
1022 4 0 0 0 0 0 1 0 0
1028 3 0 0 1 0 0 0 0 0
1041 2 0 0 0 0 0 0 0 0
1042 4 1 1 1 0 0 0 0 0
1081 1 0 0 0 0 0 1 0 0
1082 2 1 1 1 0 0 0 0 0
1086 3 0 0 1 0 0 0 0 0
1103 2 1 1 0 0 0 0 0 0
1104 2 0 0 0 0 0 0 0 0
1106 3 0 0 0 0 0 0 0 0
1107 2 0 0 1 0 0 0 0 0
1109 3 0 0 0 0 0 0 0 0
1110 2 0 0 0 0 0 0 0 0
1113 2 0 0 0 0 0 1 0 0
1127 4 0 0 0 0 0 1 0 0
1129 4 0 0 0 0 0 1 0 0
1135 4 0 0 0 0 0 1 0 0
1142 8 0 0 7 0 0 0 0 0
fn=update_active.constprop.0
72 8 2 2 0 0 0 6 0 0
76 1 0 0 1 0 0 0 0 0
84 3 1 1 1 0 0 0 0 0
85 3 0 0 0 0 0 0 0 0
86 1 0 0 1 0 0 0 0 0
94 4 0 0 1 0 0 1 0 0
95 1 0 0 1 0 0 0 0 0
103 4 0 0 1 0 0 1 0 0
104 1 0 0 1 0 0 0 0 0
109 4 0 0 0 0 0 1 0 0
112 4 0 0 1 0 0 1 0 0
113 1 0 0 1 0 0 0 0 0
116 5 1 1 1 0 0 2 1 1
117 2 1 1 1 0 0 1 0 0
121 5 0 0 1 0 0 2 0 0
122 3 0 0 2 0 0 0 0 0
123 3 1 1 2 0 0 0 0 0
124 2 0 0 1 0 0 1 0 0
128 5 0 0 1 0 0 1 0 0
129 5 1 1 2 0 0 1 0 0
130 3 0 0 2 1 1 0 0 0
132 2 0 0 0 0 0 0 0 0
133 4 0 0 0 0 0 1 0 0
147 2 0 0 0 0 0 0 0 0
151 7 2 2 0 0 0 4 0 0
152 4 0 0 0 0 0 1 0 0
154 3 0 0 0 0 0 0 0 0
158 4 1 1 0 0 0 1 0 0
161 1 0 0 0 0 0 0 0 0
164 2 0 0 0 0 0 0 0 0
166 2 0 0 0 0 0 1 0 0
170 1 0 0 0 0 0 0 0 0
171 1 1 1 1 1 1 0 0 0
178 4 1 1 1 0 0 1 0 0
180 5 0 0 1 0 0 1 0 0
186 4 0 0 0 0 0 1 0 0
188 5 1 1 2 0 0 1 0 0
190 4 0 0 0 0 0 2 0 0
195 5 0 0 0 0 0 1 0 0
244 3 0 0 1 0 0 0 0 0
245 3 0 0 1 0 0 0 0 0
261 4 1 1 0 0 0 0 0 0
277 2 0 0 0 0 0 0 0 0
281 2 0 0 0 0 0 1 0 0
282 1 1 1 1 0 0 0 0 0
285 4 0 0 1 0 0 1 0 0
289 2 0 0 0 0 0 0 0 0
293 3 1 1 0 0 0 0 0 0
294 2 0 0 0 0 0 0 0 0
296 1 0 0 0 0 0 0 0 0
297 1 0 0 0 0 0 0 0 0
300 2 0 0 0 0 0 1 0 0
302 1 0 0 0 0 0 1 0 0
305 2 0 0 0 0 0 0 0 0
356 5 1 1 0 0 0 0 0 0
360 3 1 1 1 0 0 0 0 0
369 1 0 0 0 0 0 1 0 0
370 8 0 0 7 0 0 0 0 0
fl=./elf/../sysdeps/x86/dl-cacheinfo.h
fn=get_common_cache_info.constprop.0
571 11 1 1 0 0 0 6 0 0
586 1 0 0 1 0 0 0 0 0
587 1 0 0 1 0 0 0 0 0
588 2 0 0 1 0 0 1 0 0
589 1 1 1 1 0 0 0 0 0
590 2 0 0 1 0 0 1 0 0
596 3 0 0 0 0 0 1 0 0
598 7 1 1 3 0 0 2 0 0
601 2 0 0 0 0 0 0 0 0
613 1 0 0 0 0 0 0 0 0
618 3 1 1 1 0 0 0 0 0
622 2 0 0 0 0 0 0 0 0
627 5 1 1 1 0 0 0 0 0
630 24 2 2 0 0 0 5 0 0
637 8 0 0 0 0 0 0 0 0
640 26 0 0 0 0 0 0 0 0
645 2 1 1 0 0 0 0 0 0
649 3 0 0 0 0 0 0 0 0
650 2 0 0 0 0 0 0 0 0
654 2 0 0 0 0 0 0 0 0
658 3 0 0 0 0 0 0 0 0
661 4 0 0 0 0 0 1 0 0
662 1 0 0 0 0 0 0 0 0
667 4 0 0 0 0 0 0 0 0
673 4 0 0 0 0 0 0 0 0
681 6 0 0 0 0 0 0 0 0
683 2 0 0 0 0 0 0 0 0
685 4 0 0 0 0 0 0 0 0
687 12 1 1 0 0 0 0 0 0
689 1 0 0 0 0 0 0 0 0
690 1 0 0 0 0 0 0 0 0
691 9 0 0 1 0 0 0 0 0
693 4 1 1 0 0 0 0 0 0
696 7 1 1 4 0 0 0 0 0
701 1 0 0 0 0 0 0 0 0
703 4 1 1 0 0 0 0 0 0
704 3 0 0 0 0 0 0 0 0
705 1 0 0 0 0 0 0 0 0
708 2 0 0 0 0 0 0 0 0
711 2 1 1 0 0 0 0 0 0
718 1 0 0 0 0 0 0 0 0
720 4 0 0 0 0 0 0 0 0
721 1 0 0 0 0 0 0 0 0
726 2 0 0 0 0 0 0 0 0
731 2 0 0 0 0 0 0 0 0
732 1 0 0 0 0 0 0 0 0
733 2 0 0 0 0 0 0 0 0
734 1 0 0 0 0 0 0 0 0
759 3 0 0 0 0 0 0 0 0
770 5 0 0 1 0 0 0 0 0
771 5 0 0 0 0 0 1 0 0
775 2 1 1 1 0 0 0 0 0
782 1 0 0 0 0 0 1 0 0
783 2 0 0 1 0 0 1 0 0
784 1 0 0 0 0 0 1 0 0
785 7 0 0 7 0 0 0 0 0
fn=handle_intel.constprop.0
250 108 0 0 0 0 0 72 0 0
255 24 1 1 12 0 0 0 0 0
261 12 0 0 0 0 0 12 0 0
262 12 0 0 0 0 0 12 0 0
267 48 0 0 0 0 0 12 0 0
271 24 0 0 0 0 0 0 0 0
276 24 1 1 0 0 0 0 0 0
279 60 0 0 0 0 0 12 0 0
281 24 0 0 0 0 0 0 0 0
284 60 1 1 0 0 0 12 0 0
286 24 0 0 0 0 0 0 0 0
305 96 0 0 84 0 0 0 0 0
fn=init_cpu_features.constprop.0
792 1 0 0 0 0 0 1 0 0
793 1 0 0 0 0 0 1 0 0
795 1 0 0 0 0 0 1 0 0
809 2 0 0 0 0 0 0 0 0
811 3 1 1 0 0 0 2 0 0
812 3 1 1 0 0 0 1 0 0
813 3 0 0 0 0 0 2 0 0
814 2 0 0 0 0 0 2 0 0
817 3 0 0 0 0 0 2 0 0
819 3 1 1 0 0 0 2 0 0
820 2 0 0 1 0 0 1 0 0
822 3 0 0 0 0 0 2 0 0
824 3 0 0 0 0 0 2 0 0
825 1 0 0 0 0 0 1 0 0
827 3 0 0 0 0 0 2 0 0
829 3 1 1 0 0 0 2 0 0
830 2 0 0 1 0 0 1 0 0
832 3 0 0 0 0 0 2 0 0
834 3 0 0 0 0 0 1 0 0
836 3 1 1 0 0 0 2 0 0
838 5 0 0 1 0 0 1 0 0
894 2 1 1 1 0 0 1 1 1
895 2 0 0 1 0 0 1 0 0
896 2 0 0 1 0 0 1 0 0
897 2 1 1 1 0 0 1 0 0
898 2 0 0 1 0 0 1 0 0
899 2 0 0 1 0 0 1 0 0
900 1 0 0 0 0 0 1 1 1
901 1 0 0 0 0 0 1 0 0
902 1 0 0 0 0 0 1 0 0
903 1 1 1 0 0 0 1 0 0
904 1 0 0 0 0 0 1 0 0
905 1 0 0 0 0 0 1 0 0
907 1 0 0 1 0 0 0 0 0
910 3 0 0 0 0 0 0 0 0
924 3 0 0 1 0 0 0 0 0
925 7 1 1 5 0 0 2 0 0
930 2 0 0 0 0 0 0 0 0
931 6 0 0 2 0 0 0 0 0
932 2 0 0 0 0 0 0 0 0
939 3 0 0 1 0 0 0 0 0
959 6 1 1 0 0 0 0 0 0
968 2 0 0 0 0 0 0 0 0
969 2 0 0 0 0 0 0 0 0
974 12 2 2 0 0 0 0 0 0
987 5 0 0 2 0 0 1 0 0
995 7 1 1 1 0 0 1 0 0
997 2 0 0 0 0 0 0 0 0
1000 5 0 0 1 0 0 1 0 0
1002 2 0 0 0 0 0 0 0 0
1005 5 1 1 1 0 0 1 0 0
1006 5 0 0 0 0 0 1 0 0
1010 6 0 0 1 0 0 2 0 0
1011 3 0 0 1 0 0 0 0 0
1017 7 0 0 1 0 0 3 0 0
1020 11 2 2 2 0 0 5 0 0
1021 10 1 1 2 0 0 5 0 0
1022 13 2 2 2 0 0 6 0 0
1025 10 0 0 1 0 0 5 0 0
1027 10 1 1 1 0 0 5 0 0
1040 4 0 0 3 0 0 0 0 0
1042 2 0 0 1 0 0 1 0 0
1043 2 1 1 1 0 0 1 0 0
1044 1 0 0 0 0 0 1 0 0
1045 1 0 0 0 0 0 1 0 0
1046 1 1 1 0 0 0 1 0 0
1047 1 0 0 0 0 0 1 0 0
fn=intel_check_word.constprop.0
110 648 1 1 324 6 6 0 0 0
113 324 0 0 0 0 0 0 0 0
119 216 0 0 0 0 0 96 0 0
123 48 1 1 0 0 0 0 0 0
125 12 0 0 0 0 0 0 0 0
129 120 1 1 0 0 0 0 0 0
131 144 0 0 0 0 0 0 0 0
133 60 0 0 0 0 0 0 0 0
135 120 0 0 0 0 0 0 0 0
143 120 1 1 0 0 0 0 0 0
152 12 0 0 0 0 0 0 0 0
155 138 1 1 0 0 0 0 0 0
158 99 0 0 0 0 0 0 0 0
162 58 0 0 0 0 0 0 0 0
164 189 1 1 0 0 0 0 0 0
167 120 0 0 0 0 0 0 0 0
168 72 0 0 0 0 0 0 0 0
169 60 0 0 0 0 0 0 0 0
170 48 0 0 0 0 0 0 0 0
172 11 1 1 0 0 0 0 0 0
174 22 0 0 0 0 0 0 0 0
176 12 1 1 0 0 0 0 0 0
177 16 0 0 0 0 0 0 0 0
178 12 0 0 0 0 0 0 0 0
179 20 0 0 0 0 0 0 0 0
180 14 1 1 0 0 0 0 0 0
181 12 0 0 0 0 0 0 0 0
183 8 0 0 0 0 0 0 0 0
184 12 0 0 0 0 0 0 0 0
187 21 0 0 0 0 0 0 0 0
190 2 0 0 0 0 0 0 0 0
194 192 0 0 0 0 0 0 0 0
202 168 1 1 48 0 0 0 0 0
216 48 0 0 0 0 0 0 0 0
246 144 0 0 120 0 0 0 0 0
fl=./elf/../sysdeps/x86/dl-get-cpu-features.c
fn=__x86_cpu_features
39 3 0 0 1 0 0 0 0 0
71 3 1 1 1 0 0 0 0 0
fn=_dl_x86_init_cpu_features
37 1 1 1 0 0 0 0 0 0
39 3 0 0 1 0 0 0 0 0
41 1 0 0 0 0 0 0 0 0
fl=./elf/../sysdeps/x86/dl-isa-level.h
fn=_dl_load_cache_lookup
28 6 0 0 2 0 0 2 0 0
fl=./elf/../sysdeps/x86/dl-procinfo.h
fn=_dl_load_cache_lookup
39 2 1 1 0 0 0 0 0 0
42 7 0 0 0 0 0 2 0 0
fl=./elf/../sysdeps/x86/dl-prop.h
fn=_dl_map_object_from_fd
149 8 0 0 4 0 0 0 0 0
fn=_dl_process_pt_gnu_property
95 20 2 1 0 0 0 0 0 0
102 10 0 0 0 0 0 0 0 0
115 10 0 0 0 0 0 0 0 0
118 5 0 0 5 1 1 0 0 0
252 4 1 1 0 0 0 0 0 0
253 2 0 0 0 0 0 2 0 0
254 6 0 0 0 0 0 0 0 0
255 3 0 0 0 0 0 3 0 0
257 20 0 0 5 0 0 5 0 0
258 1 0 0 1 0 0 0 0 0
260 5 0 0 2 0 0 0 0 0
fn=dl_main
36 2 0 0 2 0 0 0 0 0
37 15 1 1 0 0 0 0 0 0
40 7 0 0 7 0 0 0 0 0
49 22 1 1 7 0 0 0 0 0
53 18 0 0 4 0 0 0 0 0
71 2 0 0 1 0 0 1 0 0
149 4 0 0 2 0 0 0 0 0
235 4 1 1 4 0 0 0 0 0
236 2 0 0 2 0 0 0 0 0
fl=./elf/../sysdeps/x86/get-isa-level.h
fn=_dl_hwcaps_subdirs_active
30 4 0 0 0 0 0 0 0 0
31 1 0 0 1 0 0 0 0 0
32 3 0 0 1 0 0 0 0 0
36 3 0 0 0 0 0 0 0 0
39 4 1 1 1 0 0 0 0 0
40 4 0 0 1 0 0 0 0 0
45 4 0 0 0 0 0 0 0 0
48 2 0 0 0 0 0 0 0 0
51 5 0 0 1 0 0 0 0 0
53 4 1 1 0 0 0 0 0 0
54 2 0 0 0 0 0 0 0 0
55 2 0 0 0 0 0 0 0 0
58 4 0 0 0 0 0 0 0 0
fn=update_active.constprop.0
28 1 0 0 0 0 0 0 0 0
30 4 0 0 0 0 0 0 0 0
31 1 0 0 1 0 0 0 0 0
32 3 0 0 0 0 0 0 0 0
36 3 0 0 0 0 0 0 0 0
38 1 0 0 0 0 0 0 0 0
39 2 1 1 0 0 0 0 0 0
40 4 1 1 1 0 0 0 0 0
45 4 0 0 0 0 0 0 0 0
47 1 0 0 0 0 0 0 0 0
48 2 0 0 0 0 0 0 0 0
51 5 1 1 1 0 0 0 0 0
53 4 0 0 0 0 0 0 0 0
54 2 0 0 0 0 0 0 0 0
55 2 0 0 0 0 0 0 0 0
57 1 0 0 0 0 0 0 0 0
58 4 0 0 0 0 0 0 0 0
fl=./elf/../sysdeps/x86_64/dl-cet.c
fn=_dl_cet_check
145 2 0 0 1 0 0 0 0 0
157 2 0 0 1 0 0 0 0 0
173 1 1 1 0 0 0 0 0 0
179 1 0 0 0 0 0 1 0 0
275 2 0 0 0 0 0 0 0 0
276 1 0 0 0 0 0 1 0 0
277 2 0 0 1 0 0 0 0 0
282 4 0 0 1 0 0 1 0 0
283 3 0 0 0 0 0 1 0 0
285 2 0 0 1 0 0 1 0 0
293 5 1 1 1 0 0 0 0 0
296 1 0 0 0 0 0 1 0 0
300 2 0 0 0 0 0 0 0 0
301 1 0 0 0 0 0 1 0 0
302 2 0 0 0 0 0 0 0 0
303 2 1 1 0 0 0 0 0 0
304 2 0 0 0 0 0 1 0 0
305 2 0 0 0 0 0 0 0 0
308 1 0 0 0 0 0 1 0 0
310 1 0 0 0 0 0 1 0 0
313 2 0 0 0 0 0 0 0 0
361 8 1 1 0 0 0 4 0 0
363 6 0 0 5 0 0 0 0 0
fn=_dl_cet_setup_features
331 1 1 1 0 0 0 0 0 0
334 2 0 0 0 0 0 0 0 0
350 1 0 0 1 0 0 0 0 0
fl=./elf/../sysdeps/x86_64/dl-hwcaps-subdirs.c
fn=_dl_hwcaps_subdirs_active
29 1 1 1 0 0 0 0 0 0
38 3 0 0 0 0 0 0 0 0
43 1 0 0 0 0 0 0 0 0
48 1 0 0 0 0 0 0 0 0
52 1 0 0 1 0 0 0 0 0
fl=./elf/../sysdeps/x86_64/dl-machine.h
fn=_dl_relocate_object
81 16 0 0 2 0 0 0 0 0
267 242 2 2 0 0 0 0 0 0
274 242 0 0 0 0 0 0 0 0
278 242 0 0 0 0 0 0 0 0
287 1247 3 3 483 0 0 0 0 0
290 260 1 1 99 0 0 0 0 0
291 94 0 0 0 0 0 0 0 0
292 456 0 0 0 0 0 0 0 0
317 726 1 1 121 3 3 0 0 0
320 23 0 0 0 0 0 23 0 0
323 23 0 0 0 0 0 0 0 0
393 20 1 1 0 0 0 12 0 0
400 48 1 1 16 0 0 0 0 0
402 64 0 0 16 0 0 0 0 0
406 48 1 1 32 3 3 0 0 0
415 32 0 0 16 0 0 16 5 5
423 212 1 1 107 0 0 105 22 19
436 7 0 0 0 0 0 4 0 0
476 94 1 1 94 0 0 0 0 0
478 47 0 0 0 0 0 47 0 0
479 47 0 0 0 0 0 47 2 0
498 18 0 0 6 1 1 0 0 0
499 6 0 0 0 0 0 6 4 1
503 12 0 0 0 0 0 0 0 0
504 12 0 0 6 0 0 0 0 0
730 8 0 0 0 0 0 0 0 0
734 6 1 1 3 1 0 0 0 0
fn=_dl_start
55 1 0 0 0 0 0 0 0 0
278 9 0 0 0 0 0 0 0 0
287 27 0 0 9 3 3 1 1 1
290 6 0 0 3 0 0 0 0 0
291 12 0 0 0 0 0 0 0 0
317 8 0 0 0 0 0 0 0 0
323 2 0 0 0 0 0 2 1 1
fn=_dl_sysdep_start
220 1 0 0 0 0 0 1 0 0
fl=./elf/./dl-find_object.h
fn=_dl_find_object_from_map
95 8 1 1 4 2 0 4 3 2
96 8 1 1 4 0 0 4 0 0
97 4 0 0 0 0 0 4 0 0
103 20 0 0 8 3 0 0 0 0
104 119 0 0 0 0 0 0 0 0
105 82 1 1 41 35 8 0 0 0
107 12 0 0 8 1 0 4 0 0
112 4 0 0 4 0 0 0 0 0
fl=./elf/./dl-hwcaps.h
fn=_dl_important_hwcaps
43 9 1 1 0 0 0 6 0 0
45 7 0 0 0 0 0 6 0 0
46 1 0 0 0 0 0 0 0 0
77 8 0 0 3 0 0 5 0 0
78 8 1 1 3 0 0 5 0 0
79 7 2 2 0 0 0 2 0 0
fl=./elf/./dl-load.h
fn=_dl_map_object_from_fd
91 16 0 0 8 0 0 0 0 0
92 4 1 1 2 0 0 0 0 0
93 5 1 1 1 0 0 0 0 0
94 4 0 0 1 0 0 0 0 0
96 4 0 0 0 0 0 1 0 0
fl=./elf/./dl-main.h
fn=dl_main
109 5 1 1 4 0 0 1 0 0
fl=./elf/./dl-map-segments.h
fn=_dl_map_object_from_fd
28 6 0 0 2 0 0 0 0 0
29 18 1 1 6 0 0 4 1 1
81 2 0 0 2 0 0 0 0 0
101 2 0 0 0 0 0 2 0 0
102 6 0 0 2 0 0 0 0 0
105 6 0 0 2 0 0 2 0 0
106 4 0 0 0 0 0 2 0 0
108 4 1 1 2 0 0 0 0 0
125 2 1 1 2 0 0 0 0 0
135 48 1 1 8 0 0 0 0 0
137 24 0 0 12 0 0 0 0 0
139 60 0 0 24 0 0 6 0 0
149 32 0 0 16 0 0 0 0 0
155 4 1 1 2 0 0 0 0 0
156 2 0 0 0 0 0 0 0 0
157 6 0 0 2 0 0 0 0 0
158 4 0 0 0 0 0 0 0 0
160 4 0 0 0 0 0 0 0 0
165 4 0 0 0 0 0 0 0 0
168 6 0 0 2 0 0 0 0 0
176 14 0 0 2 0 0 4 0 0
182 4 0 0 0 0 0 0 0 0
186 8 2 2 1 0 0 1 0 0
189 2 0 0 0 0 0 0 0 0
194 8 1 1 0 0 0 0 0 0
fl=./elf/./dl-sym-post.h
fn=lookup_malloc_symbol
41 8 0 0 0 0 0 0 0 0
53 12 0 0 4 0 0 0 0 0
fl=./elf/./dl-tunable-types.h
fn=__GI___tunable_set_val
84 5 0 0 0 0 0 0 0 0
fl=./elf/./elf/dl-audit.c
fn=_dl_audit_activity_map
29 7 1 1 0 0 0 5 0 0
30 1 0 0 1 0 0 0 0 0
31 3 0 0 1 0 0 0 0 0
37 6 1 1 6 0 0 0 0 0
fn=_dl_audit_activity_nsid
41 3 1 1 0 0 0 0 0 0
45 12 0 0 3 0 0 0 0 0
46 3 0 0 3 1 1 0 0 0
47 15 1 1 3 0 0 0 0 0
fn=_dl_audit_objclose
97 4 1 1 0 0 0 0 0 0
98 16 0 0 8 0 0 0 0 0
fn=_dl_audit_objopen
77 2 1 1 0 0 0 0 0 0
78 8 0 0 4 0 0 0 0 0
fn=_dl_audit_preinit
118 1 1 1 0 0 0 0 0 0
119 4 0 0 2 0 0 0 0 0
fl=./elf/./elf/dl-cache.c
fn=_dl_cache_libcmp
357 22 1 1 0 0 0 0 0 0
358 131 1 1 11 0 0 0 0 0
360 174 0 0 0 0 0 0 0 0
362 62 1 1 0 0 0 0 0 0
368 8 0 0 0 0 0 0 0 0
369 6 0 0 0 0 0 0 0 0
370 55 0 0 49 0 0 0 0 0
372 55 0 0 49 1 1 0 0 0
374 4 0 0 0 0 0 0 0 0
380 112 0 0 0 0 0 0 0 0
382 112 0 0 0 0 0 0 0 0
383 27 1 1 9 0 0 0 0 0
386 47 0 0 0 0 0 0 0 0
387 47 0 0 0 0 0 0 0 0
390 17 0 0 13 10 10 0 0 0
fn=_dl_load_cache_lookup
191 18 0 0 0 0 0 0 0 0
205 1 0 0 1 0 0 0 0 0
208 8 2 2 1 0 0 3 0 0
210 10 0 0 3 0 0 3 0 0
211 2 1 1 0 0 0 0 0 0
213 5 0 0 0 0 0 1 0 0
220 21 0 0 1 0 0 0 0 0
222 55 1 1 2 0 0 3 0 0
223 18 0 0 9 9 9 0 0 0
227 27 1 1 9 0 0 0 0 0
231 27 0 0 9 0 0 9 0 0
232 18 0 0 0 0 0 0 0 0
240 6 0 0 0 0 0 0 0 0
242 4 0 0 2 0 0 0 0 0
245 4 0 0 0 0 0 0 0 0
247 12 0 0 0 0 0 2 0 0
249 2 0 0 0 0 0 0 0 0
259 2 0 0 1 0 0 0 0 0
269 3 1 1 2 0 0 0 0 0
270 4 0 0 1 0 0 0 0 0
286 7 1 1 0 0 0 0 0 0
295 2 0 0 1 0 0 0 0 0
298 2 0 0 1 0 0 0 0 0
301 1 0 0 0 0 0 0 0 0
302 3 1 1 1 0 0 0 0 0
330 2 0 0 0 0 0 1 0 0
346 8 0 0 0 0 0 0 0 0
347 4 1 1 0 0 0 0 0 0
349 4 0 0 0 0 0 0 0 0
403 10 1 1 0 0 0 7 1 1
405 2 0 0 1 0 0 0 0 0
408 3 1 1 1 0 0 0 0 0
411 5 1 1 0 0 0 1 0 0
419 5 1 1 1 0 0 0 0 0
420 8 1 1 3 1 1 0 0 0
423 6 1 1 0 0 0 0 0 0
424 1 0 0 1 0 0 0 0 0
431 1 1 1 0 0 0 1 0 0
432 2 0 0 0 0 0 1 0 0
482 3 0 0 1 0 0 0 0 0
485 3 0 0 1 0 0 1 0 0
500 2 0 0 1 0 0 0 0 0
512 3 0 0 1 0 0 1 0 0
513 15 1 1 1 0 0 0 0 0
514 4 1 1 1 0 0 1 0 0
515 1 0 0 0 0 0 1 0 0
516 8 0 0 7 0 0 0 0 0
fn=_dl_unload_cache
525 3 1 1 0 0 0 1 0 0
526 4 0 0 1 1 0 0 0 0
528 2 0 0 1 0 0 1 0 0
529 1 0 0 0 0 0 1 0 0
533 1 0 0 0 0 0 1 0 0
535 2 1 1 2 0 0 0 0 0
fl=./elf/./elf/dl-call-libc-early-init.c
fn=_dl_call_libc_early_init
27 7 1 1 0 0 0 3 0 0
29 2 0 0 0 0 0 0 0 0
33 5 0 0 0 0 0 1 0 0
37 2 0 0 0 0 0 0 0 0
39 4 1 1 3 0 0 0 0 0
40 2 0 0 0 0 0 0 0 0
41 3 0 0 3 0 0 0 0 0
fl=./elf/./elf/dl-call_fini.c
fn=_dl_call_fini
24 32 1 1 0 0 0 16 0 0
28 8 0 0 4 0 0 0 0 0
32 4 1 1 4 0 0 0 0 0
34 4 0 0 4 4 4 0 0 0
35 8 0 0 0 0 0 0 0 0
38 4 0 0 4 2 2 0 0 0
39 6 0 0 4 2 2 0 0 0
42 16 0 0 0 0 0 0 0 0
43 2 0 0 2 2 2 2 0 0
47 4 1 1 4 4 4 0 0 0
48 8 0 0 0 0 0 0 0 0
49 6 0 0 4 0 0 0 0 0
50 22 0 0 18 0 0 0 0 0
fl=./elf/./elf/dl-catch.c
fn=_dl_catch_error
254 12 1 1 0 0 0 4 0 0
256 2 0 0 0 0 0 1 0 0
257 2 0 0 1 0 0 1 0 0
258 2 0 0 1 0 0 1 0 0
259 2 0 0 1 0 0 1 0 0
261 6 1 1 5 0 0 0 0 0
fn=_dl_catch_exception
58 9 0 0 3 1 1 0 0 0
59 6 1 1 3 0 0 3 0 0
69 6 0 0 3 0 0 0 0 0
70 15 0 0 3 0 0 6 0 0
204 24 1 1 0 0 0 15 2 2
207 6 0 0 0 0 0 0 0 0
214 3 0 0 0 0 0 0 0 0
228 3 1 1 0 0 0 3 2 2
229 6 0 0 0 0 0 3 0 0
235 18 1 1 0 0 0 3 0 0
237 9 0 0 6 0 0 3 0 0
239 12 0 0 3 0 0 6 0 0
248 9 0 0 9 0 0 0 0 0
fn=_dl_receive_error
58 2 1 1 1 0 0 0 0 0
59 1 0 0 1 0 0 0 0 0
69 2 0 0 1 0 0 0 0 0
70 2 0 0 0 0 0 2 0 0
186 7 1 1 0 0 0 3 0 0
188 1 0 0 1 0 0 0 0 0
192 1 0 0 0 0 0 1 0 0
194 1 0 0 0 0 0 1 0 0
197 1 0 0 0 0 0 1 0 0
198 4 0 0 4 0 0 0 0 0
fl=./elf/./elf/dl-debug.c
fn=_dl_debug_initialize
56 3 1 1 0 0 0 0 0 0
57 1 1 1 0 0 0 0 0 0
59 2 0 0 0 0 0 0 0 0
61 2 0 0 0 0 0 0 0 0
63 3 0 0 1 1 1 0 0 0
64 1 0 0 0 0 0 1 0 0
85 3 0 0 1 0 0 0 0 0
90 3 1 1 1 1 1 1 0 0
91 2 0 0 0 0 0 1 0 0
92 1 0 0 0 0 0 1 0 0
95 3 0 0 2 0 0 0 0 0
96 6 1 1 1 0 0 1 0 0
99 2 0 0 0 0 0 0 0 0
107 2 0 0 1 0 0 0 0 0
fn=_dl_debug_state
116 2 1 1 0 0 0 0 0 0
117 2 0 0 2 0 0 0 0 0
fn=_dl_debug_update
38 3 0 0 0 0 0 0 0 0
40 6 0 0 0 0 0 0 0 0
41 3 0 0 0 0 0 0 0 0
44 6 1 1 3 1 0 0 0 0
48 3 0 0 3 0 0 0 0 0
fl=./elf/./elf/dl-deps.c
fn=_dl_map_object_deps
128 3 0 0 0 0 0 2 1 1
129 5 1 1 0 0 0 2 0 0
130 6 0 0 0 0 0 1 0 0
132 3 0 0 0 0 0 1 0 0
136 8 1 1 2 0 0 2 0 0
143 13 1 1 0 0 0 8 1 1
144 20 2 2 1 1 1 0 0 0
160 9 1 1 0 0 0 0 0 0
161 1 0 0 1 0 0 0 0 0
164 1 1 1 0 0 0 1 0 0
182 1 0 0 1 0 0 0 0 0
183 6 0 0 4 0 0 0 0 0
184 1 0 0 0 0 0 1 0 0
188 9 0 0 4 0 0 1 0 0
190 12 1 1 0 0 0 6 0 0
193 4 0 0 0 0 0 4 0 0
197 12 1 1 4 0 0 0 0 0
198 25 1 1 11 0 0 0 0 0
201 8 0 0 2 0 0 0 0 0
205 4 0 0 2 0 0 0 0 0
208 16 0 0 8 1 1 0 0 0
210 8 1 1 6 0 0 0 0 0
215 2 1 1 0 0 0 2 1 1
216 2 0 0 0 0 0 2 0 0
217 4 0 0 2 0 0 2 0 0
218 4 0 0 2 0 0 2 0 0
219 2 0 0 0 0 0 2 0 0
221 238 0 0 64 0 0 0 0 0
222 112 0 0 0 0 0 0 0 0
228 23 1 1 4 0 0 6 1 1
230 2 0 0 0 0 0 2 0 0
232 8 1 1 0 0 0 2 0 0
233 4 0 0 2 0 0 0 0 0
242 2 0 0 2 0 0 0 0 0
244 4 1 1 2 0 0 0 0 0
249 14 1 1 2 0 0 0 0 0
252 2 0 0 0 0 0 2 0 0
253 2 0 0 0 0 0 2 0 0
254 2 0 0 0 0 0 2 0 0
255 4 0 0 2 0 0 2 0 0
256 2 0 0 0 0 0 2 0 0
257 2 0 0 2 0 0 0 0 0
259 8 0 0 2 0 0 2 0 0
263 6 0 0 2 0 0 0 0 0
264 3 0 0 0 0 0 1 0 0
266 162 1 1 0 0 0 0 0 0
417 8 1 1 0 0 0 0 0 0
419 10 0 0 0 0 0 6 0 0
422 4 0 0 0 0 0 0 0 0
423 8 1 1 4 0 0 0 0 0
429 2 0 0 0 0 0 2 1 1
430 10 0 0 0 0 0 4 0 0
431 10 0 0 0 0 0 2 0 0
434 2 0 0 0 0 0 2 0 0
435 4 0 0 4 0 0 0 0 0
439 12 1 1 4 0 0 0 0 0
441 4 0 0 4 0 0 0 0 0
442 17 0 0 3 0 0 0 0 0
448 5 1 1 1 0 0 0 0 0
449 1 0 0 0 0 0 1 0 0
452 4 0 0 1 0 0 1 0 0
463 5 1 1 1 0 0 2 0 0
465 4 0 0 2 0 0 0 0 0
470 5 1 1 2 0 0 1 0 0
471 1 0 0 0 0 0 1 0 0
472 2 0 0 0 0 0 0 0 0
474 16 0 0 4 0 0 0 0 0
478 4 1 1 4 0 0 0 0 0
483 8 0 0 0 0 0 0 0 0
485 12 0 0 0 0 0 4 1 1
490 4 0 0 4 0 0 0 0 0
494 2 1 1 0 0 0 0 0 0
495 3 0 0 1 0 0 0 0 0
532 2 1 1 0 0 0 0 0 0
533 2 0 0 0 0 0 0 0 0
547 9 1 1 2 0 0 3 0 0
552 9 1 1 1 0 0 2 0 0
553 5 1 1 2 0 0 1 0 0
557 1 0 0 0 0 0 1 0 0
559 2 0 0 1 0 0 1 0 0
560 1 0 0 1 0 0 0 0 0
561 3 0 0 1 0 0 0 0 0
568 3 1 1 1 0 0 0 0 0
571 2 0 0 0 0 0 0 0 0
574 8 0 0 7 0 0 0 0 0
fn=openaux
61 12 0 0 0 0 0 4 1 1
64 22 0 0 8 0 0 4 0 0
65 2 0 0 2 0 0 0 0 0
68 2 1 1 2 0 0 0 0 0
69 6 0 0 6 0 0 0 0 0
fl=./elf/./elf/dl-environ.c
fn=_dl_next_ld_env_entry
28 3 1 1 0 0 0 0 0 0
29 3 0 0 3 0 0 0 0 0
32 118 0 0 40 0 0 0 0 0
34 76 0 0 38 0 0 0 0 0
35 12 0 0 6 0 0 0 0 0
37 2 0 0 0 0 0 0 0 0
40 4 0 0 0 0 0 2 0 0
42 2 0 0 2 0 0 0 0 0
45 36 0 0 0 0 0 0 0 0
fl=./elf/./elf/dl-find_object.c
fn=_dl_find_object_init
561 5 1 1 0 0 0 3 0 0
564 1 0 0 1 1 0 0 0 0
566 2 0 0 1 0 0 0 0 0
567 3 1 1 0 0 0 1 0 0
579 2 1 1 0 0 0 1 0 0
580 3 0 0 1 0 0 1 0 0
582 2 0 0 0 0 0 0 0 0
585 2 0 0 0 0 0 0 0 0
590 1 1 1 0 0 0 1 0 0
591 1 0 0 0 0 0 1 0 0
594 3 0 0 1 0 0 0 0 0
596 2 1 1 0 0 0 1 0 0
599 6 1 1 3 0 0 1 0 0
601 1 0 0 0 0 0 0 0 0
604 4 0 0 4 0 0 0 0 0
fn=_dlfo_process_initial
474 8 0 0 0 0 0 4 0 0
475 2 0 0 2 0 0 0 0 0
477 2 0 0 0 0 0 0 0 0
478 4 1 1 2 0 0 0 0 0
504 24 1 1 4 1 0 0 0 0
505 22 0 0 2 0 0 0 0 0
506 8 0 0 8 0 0 0 0 0
508 28 1 1 6 0 0 0 0 0
511 24 0 0 6 0 0 0 0 0
513 18 1 1 6 1 1 0 0 0
515 6 0 0 0 0 0 3 0 0
516 6 0 0 0 0 0 0 0 0
517 12 0 0 0 0 0 0 0 0
529 2 0 0 0 0 0 2 0 0
531 8 0 0 6 0 0 0 0 0
fn=_dlfo_sort_mappings
536 1 1 1 0 0 0 0 0 0
537 2 0 0 0 0 0 0 0 0
540 12 1 1 2 0 0 0 0 0
544 4 0 0 2 0 0 0 0 0
545 19 1 1 0 0 0 0 0 0
546 15 0 0 3 0 0 0 0 0
548 2 0 0 0 0 0 0 0 0
549 2 0 0 0 0 0 0 0 0
553 8 0 0 4 0 0 0 0 0
554 10 0 0 4 0 0 4 0 0
555 4 0 0 0 0 0 4 0 0
557 1 0 0 1 0 0 0 0 0
fl=./elf/./elf/dl-fini.c
fn=_dl_fini
26 11 1 1 0 0 0 7 0 0
43 1 0 0 0 0 0 0 0 0
46 13 1 1 1 1 1 0 0 0
49 2 0 0 1 1 1 1 0 0
51 1 1 1 1 1 1 0 0 0
54 2 0 0 0 0 0 0 0 0
56 5 0 0 2 1 1 0 0 0
61 1 0 0 0 0 0 1 0 0
63 4 0 0 0 0 0 2 0 0
68 18 3 3 2 0 0 0 0 0
73 16 0 0 5 1 1 0 0 0
75 8 0 0 4 4 4 0 0 0
77 8 0 0 0 0 0 0 0 0
79 8 0 0 0 0 0 4 0 0
80 4 0 0 0 0 0 4 4 4
81 4 0 0 0 0 0 0 0 0
85 4 1 1 4 3 3 0 0 0
87 6 0 0 0 0 0 0 0 0
88 6 0 0 0 0 0 0 0 0
94 6 1 1 0 0 0 2 0 0
103 2 0 0 1 0 0 1 0 0
108 26 1 1 9 0 0 0 0 0
110 4 0 0 4 0 0 0 0 0
112 8 0 0 4 0 0 0 0 0
114 16 1 1 0 0 0 12 0 0
117 8 0 0 0 0 0 4 0 0
122 4 0 0 4 0 0 0 0 0
126 5 0 0 1 0 0 1 0 0
132 6 0 0 2 0 0 1 0 0
134 1 0 0 0 0 0 0 0 0
138 2 0 0 1 0 0 0 0 0
145 8 0 0 7 0 0 0 0 0
fl=./elf/./elf/dl-hwcaps.c
fn=_dl_important_hwcaps
52 16 1 1 0 0 0 4 0 0
54 2 0 0 0 0 0 0 0 0
55 4 0 0 2 0 0 0 0 0
56 2 0 0 0 0 0 0 0 0
57 2 0 0 0 0 0 0 0 0
77 16 2 2 0 0 0 4 0 0
80 16 0 0 4 0 0 6 1 1
84 2 0 0 0 0 0 2 0 0
86 6 0 0 2 0 0 2 0 0
87 2 0 0 0 0 0 0 0 0
88 2 0 0 0 0 0 0 0 0
100 5 0 0 0 0 0 3 1 1
102 3 1 1 1 0 0 0 0 0
105 1 0 0 0 0 0 1 0 0
108 1 0 0 0 0 0 0 0 0
112 5 1 1 0 0 0 2 0 0
125 12 0 0 0 0 0 3 0 0
127 10 0 0 4 0 0 2 1 1
128 4 0 0 2 0 0 2 0 0
129 4 0 0 0 0 0 2 0 0
130 2 0 0 0 0 0 0 0 0
133 3 1 1 1 0 0 0 0 0
142 13 0 0 7 0 0 1 0 0
143 11 0 0 0 0 0 1 0 0
145 8 1 1 1 0 0 5 0 0
151 5 1 1 2 0 0 0 0 0
155 4 1 1 2 0 0 1 0 0
156 3 0 0 1 0 0 0 0 0
157 3 0 0 0 0 0 0 0 0
161 1 0 0 1 0 0 0 0 0
162 2 0 0 1 0 0 1 0 0
163 2 0 0 0 0 0 2 0 0
172 14 2 2 0 0 0 9 2 2
174 2 0 0 0 0 0 2 1 1
175 3 0 0 0 0 0 0 0 0
185 2 1 1 0 0 0 1 0 0
186 3 0 0 0 0 0 0 0 0
189 3 0 0 1 0 0 1 1 1
193 2 0 0 1 0 0 0 0 0
194 2 0 0 0 0 0 0 0 0
201 1 0 0 0 0 0 0 0 0
202 5 0 0 2 0 0 1 0 0
208 2 0 0 1 0 0 1 0 0
209 1 0 0 0 0 0 1 0 0
213 3 1 1 2 0 0 1 0 0
216 9 0 0 7 0 0 0 0 0
fl=./elf/./elf/dl-hwcaps_split.c
fn=_dl_hwcaps_split
25 5 1 1 0 0 0 3 0 0
26 3 0 0 1 0 0 0 0 0
27 1 0 0 0 0 0 0 0 0
47 4 1 1 4 0 0 0 0 0
fn=_dl_hwcaps_split_masked
26 44 1 1 11 0 0 0 0 0
30 24 1 1 12 0 0 12 0 0
34 78 1 1 18 1 1 0 0 0
35 12 0 0 0 0 0 6 0 0
36 24 0 0 0 0 0 0 0 0
41 36 0 0 0 0 0 9 1 1
42 18 0 0 0 0 0 0 0 0
43 12 1 1 0 0 0 3 0 0
45 6 0 0 0 0 0 0 0 0
51 110 1 1 0 0 0 66 0 0
55 5 0 0 0 0 0 0 0 0
56 18 0 0 9 0 0 9 0 0
57 27 0 0 0 0 0 9 0 0
58 24 0 0 6 0 0 0 0 0
60 6 0 0 0 0 0 0 0 0
62 88 1 1 77 0 0 0 0 0
67 12 0 0 0 0 0 0 0 0
fl=./elf/./elf/dl-init.c
fn=_dl_init
29 10 1 1 5 0 0 0 0 0
35 25 1 1 5 0 0 0 0 0
37 26 1 1 1 0 0 2 0 0
81 13 1 1 0 0 0 6 0 0
82 1 0 0 1 1 0 0 0 0
83 1 0 0 1 0 0 0 0 0
86 3 0 0 1 0 0 0 0 0
89 2 0 0 0 0 0 1 0 0
94 4 1 1 0 0 0 0 0 0
119 1 0 0 1 0 0 0 0 0
120 20 0 0 0 0 0 3 0 0
121 8 0 0 8 0 0 0 0 0
127 8 0 0 7 0 0 0 0 0
fn=call_init.part.0
26 48 2 2 0 0 0 24 1 0
43 12 0 0 4 0 0 4 0 0
46 12 0 0 8 2 0 0 0 0
47 2 1 1 0 0 0 0 0 0
51 6 0 0 3 0 0 0 0 0
59 9 1 1 3 3 0 0 0 0
60 6 0 0 2 0 0 1 0 0
63 3 0 0 3 1 0 0 0 0
64 6 0 0 0 0 0 0 0 0
70 6 0 0 4 3 0 0 0 0
72 4 0 0 4 0 0 0 0 0
73 22 1 1 0 0 0 0 0 0
74 12 0 0 3 0 0 3 0 0
76 32 0 0 28 0 0 0 0 0
fl=./elf/./elf/dl-load.c
fn=_dl_dst_count
238 18 1 1 0 0 0 12 0 0
241 4 0 0 0 0 0 2 1 1
244 4 0 0 0 0 0 0 0 0
245 2 0 0 0 0 0 0 0 0
264 18 1 1 14 0 0 0 0 0
fn=_dl_init_paths
706 13 2 2 0 0 0 8 0 0
720 4 0 0 0 0 0 2 1 1
725 1 0 0 0 0 0 1 0 0
727 3 1 1 0 0 0 0 0 0
734 3 0 0 0 0 0 0 0 0
735 2 0 0 1 0 0 0 0 0
739 4 0 0 0 0 0 1 1 1
741 4 1 1 2 0 0 0 0 0
747 1 0 0 0 0 0 1 0 0
748 1 0 0 0 0 0 1 0 0
756 8 1 1 0 0 0 4 0 0
758 8 0 0 0 0 0 4 2 2
759 4 0 0 0 0 0 4 0 0
761 5 0 0 0 0 0 4 1 1
762 7 0 0 3 1 1 4 1 1
763 4 0 0 0 0 0 0 0 0
766 13 0 0 3 1 1 0 0 0
767 10 1 1 1 0 0 1 0 0
768 18 0 0 4 0 0 5 0 0
770 32 2 2 6 0 0 5 0 0
776 1 0 0 0 0 0 1 0 0
777 1 0 0 0 0 0 1 0 0
782 1 0 0 1 0 0 0 0 0
785 3 0 0 0 0 0 0 0 0
787 4 1 1 1 0 0 0 0 0
789 3 0 0 1 0 0 0 0 0
806 1 0 0 0 0 0 1 0 0
808 3 1 1 1 0 0 0 0 0
822 2 1 1 0 0 0 1 0 0
825 5 1 1 2 0 0 0 0 0
827 23 4 4 2 0 0 2 0 0
831 2 0 0 0 0 0 0 0 0
832 248 1 1 62 0 0 0 0 0
833 61 0 0 0 0 0 0 0 0
834 122 0 0 0 0 0 0 0 0
836 1 0 0 0 0 0 1 0 0
837 1 0 0 0 0 0 0 0 0
838 2 0 0 0 0 0 0 0 0
844 6 0 0 1 0 0 1 0 0
847 3 0 0 2 0 0 0 0 0
853 1 0 0 0 0 0 1 0 0
857 8 0 0 7 0 0 0 0 0
fn=_dl_map_object
682 10 3 3 3 0 0 0 0 0
696 5 1 1 0 0 0 3 0 0
1967 36 2 2 0 0 0 27 4 4
1969 2 0 0 0 0 0 2 0 0
1975 6 0 0 0 0 0 0 0 0
1976 12 0 0 3 1 1 0 0 0
1979 51 1 1 9 0 0 6 0 0
1984 49 1 1 14 0 0 0 0 0
1986 35 0 0 0 0 0 7 2 2
1990 12 0 0 6 0 0 0 0 0
1991 18 0 0 6 0 0 0 0 0
1994 10 0 0 6 0 0 0 0 0
1995 6 1 1 2 0 0 0 0 0
1996 10 0 0 0 0 0 2 0 0
2010 8 1 1 2 0 0 0 0 0
2011 6 0 0 2 0 0 2 0 0
2019 6 0 0 2 0 0 0 0 0
2034 2 0 0 0 0 0 2 1 1
2036 10 0 0 0 0 0 2 0 0
2040 4 2 2 0 0 0 2 0 0
2042 2 0 0 1 0 0 0 0 0
2049 4 0 0 1 0 0 0 0 0
2053 1 1 1 1 0 0 0 0 0
2054 1 0 0 0 0 0 1 0 0
2058 3 1 1 1 0 0 0 0 0
2059 1 0 0 0 0 0 0 0 0
2073 5 2 2 4 0 0 0 0 0
2074 7 2 2 2 0 0 0 0 0
2075 1 0 0 0 0 0 0 0 0
2084 2 1 1 0 0 0 0 0 0
2099 2 1 1 1 0 0 0 0 0
2100 16 1 1 2 0 0 4 0 0
2106 3 1 1 0 0 0 0 0 0
2107 1 0 0 0 0 0 0 0 0
2115 1 1 1 0 0 0 1 0 0
2129 2 0 0 1 0 0 0 0 0
2131 3 0 0 1 0 0 0 0 0
2135 3 1 1 0 0 0 1 0 0
2137 2 0 0 0 0 0 0 0 0
2141 2 0 0 0 0 0 0 0 0
2149 2 0 0 1 0 0 0 0 0
2172 9 1 1 0 0 0 2 0 0
2176 3 0 0 1 0 0 0 0 0
2177 1 0 0 0 0 0 1 0 0
2194 2 0 0 1 0 0 0 0 0
2200 1 0 0 0 0 0 1 0 0
2201 4 0 0 0 0 0 1 0 0
2202 2 1 1 0 0 0 0 0 0
2203 2 0 0 0 0 0 0 0 0
2207 9 1 1 0 0 0 2 0 0
2210 3 0 0 1 0 0 0 0 0
2222 8 0 0 2 0 0 0 0 0
2267 4 0 0 2 0 0 2 0 0
2268 34 1 1 7 0 0 10 0 0
2270 29 1 1 23 0 0 0 0 0
fn=_dl_map_object_from_fd
944 28 2 2 0 0 0 20 2 2
959 8 0 0 2 0 0 2 0 0
989 29 1 1 9 0 0 0 0 0
990 10 1 1 5 0 0 0 0 0
1008 4 1 1 2 0 0 0 0 0
1036 8 1 1 2 0 0 2 0 0
1046 4 0 0 2 0 0 0 0 0
1053 16 1 1 10 0 0 2 0 0
1054 4 0 0 0 0 0 0 0 0
1065 4 0 0 2 0 0 2 1 1
1066 6 0 0 2 0 0 2 0 0
1067 4 0 0 2 0 0 2 0 0
1069 6 0 0 0 0 0 0 0 0
1070 8 1 1 4 0 0 0 0 0
1071 2 0 0 0 0 0 1 0 0
1074 17 2 2 1 0 0 1 0 0
1075 6 0 0 1 0 0 1 1 1
1086 2 0 0 0 0 0 2 0 0
1088 2 0 0 0 0 0 2 0 0
1090 44 2 2 4 0 0 2 0 0
1091 2 0 0 0 0 0 0 0 0
1092 2 0 0 0 0 0 2 0 0
1093 2 0 0 0 0 0 2 0 0
1094 2 0 0 0 0 0 0 0 0
1100 87 0 0 4 0 0 0 0 0
1101 213 3 3 25 8 8 0 0 0
1107 4 1 1 2 1 1 0 0 0
1114 5 0 0 3 0 0 2 0 0
1115 6 0 0 2 1 1 2 0 0
1116 20 1 1 4 0 0 2 0 0
1121 2 0 0 1 0 0 1 0 0
1122 1 0 0 0 0 0 0 0 0
1127 62 0 0 26 3 3 2 0 0
1135 40 1 1 8 0 0 0 0 0
1136 52 1 1 0 0 0 8 2 2
1137 40 1 1 8 3 3 8 0 0
1138 8 0 0 0 0 0 8 0 0
1139 16 0 0 8 0 0 8 1 1
1141 56 0 0 8 0 0 0 0 0
1143 16 0 0 0 0 0 8 0 0
1156 16 0 0 0 0 0 0 0 0
1157 30 0 0 12 0 0 6 0 0
1162 8 0 0 0 0 0 0 0 0
1163 82 0 0 16 0 0 16 1 1
1176 3 1 1 1 0 0 0 0 0
1180 4 0 0 0 0 0 1 1 1
1181 1 0 0 1 0 0 0 0 0
1185 5 0 0 0 0 0 1 0 0
1186 2 1 1 1 0 0 1 0 0
1189 1 0 0 0 0 0 1 0 0
1194 4 0 0 1 0 0 0 0 0
1209 4 1 1 2 0 0 2 0 0
1210 2 0 0 0 0 0 0 0 0
1213 6 0 0 4 1 1 2 1 1
1218 14 1 1 10 0 0 0 0 0
1228 38 1 1 0 0 0 0 0 0
1229 16 0 0 0 0 0 8 0 0
1235 4 0 0 0 0 0 0 0 0
1245 8 0 0 4 0 0 0 0 0
1252 14 1 1 6 0 0 2 0 0
1264 2 1 1 0 0 0 0 0 0
1268 8 1 1 4 0 0 0 0 0
1269 6 0 0 2 0 0 2 0 0
1275 4 0 0 0 0 0 0 0 0
1276 4 1 1 0 0 0 0 0 0
1278 4 0 0 0 0 0 0 0 0
1288 6 0 0 2 0 0 0 0 0
1307 6 0 0 2 0 0 2 0 0
1309 12 1 1 4 0 0 0 0 0
1361 6 0 0 2 1 1 0 0 0
1362 2 0 0 1 0 0 1 0 0
1368 70 1 1 6 0 0 0 0 0
1369 117 1 1 25 21 21 0 0 0
1375 33 0 0 0 0 0 2 0 0
1380 8 1 1 2 0 0 2 0 0
1393 4 1 1 2 0 0 0 0 0
1395 8 0 0 4 0 0 2 0 0
1397 4 0 0 2 0 0 0 0 0
1413 4 0 0 0 0 0 2 0 0
1417 4 0 0 2 0 0 0 0 0
1418 4 1 1 2 0 0 0 0 0
1435 4 0 0 2 0 0 0 0 0
1436 1 0 0 0 0 0 1 0 0
1439 4 0 0 2 0 0 2 0 0
1444 4 0 0 2 0 0 0 0 0
1449 4 0 0 2 0 0 0 0 0
1461 16 1 1 6 0 0 0 0 0
1462 6 1 1 2 0 0 0 0 0
1463 9 1 1 3 0 0 1 0 0
1464 3 0 0 1 0 0 0 0 0
1465 5 0 0 1 0 0 1 0 0
1471 4 0 0 2 0 0 0 0 0
1472 4 0 0 1 0 0 0 0 0
1477 2 0 0 0 0 0 1 0 0
1484 6 1 1 2 0 0 2 0 0
1487 4 0 0 2 0 0 0 0 0
1491 6 0 0 2 0 0 2 0 0
1492 6 0 0 2 0 0 0 0 0
1510 4 1 1 0 0 0 0 0 0
1514 14 1 1 6 0 0 0 0 0
1515 8 1 1 2 0 0 2 0 0
1519 18 1 1 14 0 0 0 0 0
fn=_dl_process_pt_gnu_property
868 9 1 1 0 0 0 0 0 0
869 6 0 0 6 0 0 0 0 0
870 3 0 0 3 0 0 0 0 0
876 6 0 0 3 0 0 0 0 0
882 15 0 0 0 0 0 0 0 0
885 9 1 1 3 2 2 0 0 0
886 6 0 0 3 1 1 0 0 0
887 6 0 0 3 0 0 0 0 0
890 9 0 0 3 0 0 0 0 0
891 9 1 1 0 0 0 0 0 0
895 3 0 0 0 0 0 0 0 0
896 6 0 0 0 0 0 0 0 0
900 10 1 1 5 0 0 0 0 0
901 5 0 0 5 0 0 0 0 0
904 10 0 0 0 0 0 0 0 0
907 5 0 0 0 0 0 0 0 0
908 20 0 0 0 0 0 0 0 0
918 9 0 0 0 0 0 0 0 0
920 12 0 0 0 0 0 0 0 0
fn=expand_dynamic_string_token
241 12 0 0 0 0 0 4 1 1
244 8 0 0 0 0 0 0 0 0
385 40 1 1 0 0 0 24 0 0
399 8 0 0 0 0 0 0 0 0
410 28 1 1 24 0 0 0 0 0
fn=fillin_rpath.isra.0
468 17 2 2 0 0 0 12 0 0
472 1 0 0 0 0 0 0 0 0
474 30 1 1 10 0 0 5 0 0
477 1 0 0 0 0 0 1 0 0
478 1 0 0 0 0 0 0 0 0
481 8 0 0 4 0 0 0 0 0
483 18 0 0 3 0 0 6 0 0
487 6 0 0 0 0 0 0 0 0
492 9 0 0 0 0 0 3 0 0
493 6 0 0 0 0 0 0 0 0
500 15 1 1 3 0 0 0 0 0
505 6 1 1 0 0 0 3 0 0
509 57 0 0 19 0 0 0 0 0
510 38 1 1 17 0 0 1 0 0
517 3 0 0 0 0 0 0 0 0
518 2 0 0 1 0 0 0 0 0
521 2 0 0 0 0 0 0 0 0
528 12 1 1 3 0 0 3 0 0
532 12 0 0 6 0 0 0 0 0
534 6 1 1 0 0 0 0 0 0
538 3 0 0 0 0 0 3 0 0
539 6 0 0 3 0 0 0 0 0
540 12 0 0 0 0 0 6 0 0
541 3 0 0 0 0 0 3 0 0
543 6 0 0 3 0 0 0 0 0
549 12 0 0 3 0 0 0 0 0
550 42 1 1 3 0 0 0 0 0
551 12 1 1 0 0 0 9 0 0
553 6 0 0 3 0 0 3 0 0
554 9 1 1 3 0 0 0 0 0
555 3 0 0 0 0 0 3 0 0
561 6 0 0 3 0 0 3 0 0
562 3 0 0 0 0 0 3 0 0
565 9 0 0 0 0 0 3 0 0
571 1 0 0 0 0 0 1 0 0
574 8 0 0 7 0 0 0 0 0
fn=open_path
1812 11 2 2 0 0 0 9 2 2
1813 2 0 0 1 0 0 1 0 0
1816 1 0 0 0 0 0 1 0 0
1817 1 0 0 0 0 0 1 0 0
1819 2 0 0 0 0 0 0 0 0
1822 2 0 0 0 0 0 0 0 0
1824 22 2 2 3 1 1 2 0 0
1827 6 0 0 6 0 0 0 0 0
1831 3 0 0 0 0 0 0 0 0
1835 18 0 0 3 0 0 3 0 0
1842 18 1 1 9 0 0 6 1 1
1843 66 1 1 18 0 0 6 0 0
1846 18 0 0 9 0 0 0 0 0
1851 99 1 1 54 0 0 18 0 0
1854 18 0 0 0 0 0 0 0 0
1860 27 0 0 9 0 0 0 0 0
1863 72 1 1 27 0 0 9 0 0
1865 27 0 0 9 0 0 0 0 0
1867 12 0 0 0 0 0 0 0 0
1872 12 1 1 0 0 0 0 0 0
1873 42 0 0 18 0 0 0 0 0
1879 18 1 1 6 0 0 6 0 0
1881 38 0 0 6 0 0 7 0 0
1882 2 0 0 1 1 1 0 0 0
1884 6 0 0 0 0 0 0 0 0
1891 29 3 3 5 0 0 9 0 0
1893 15 0 0 3 0 0 0 0 0
1937 18 0 0 4 0 0 2 1 1
1941 3 0 0 3 0 0 0 0 0
1943 12 1 1 9 0 0 0 0 0
1946 3 0 0 2 0 0 0 0 0
1960 9 1 1 7 0 0 0 0 0
fn=open_verify.constprop.0
1572 132 1 1 0 0 0 88 1 1
1604 33 0 0 11 0 0 0 0 0
1609 18 1 1 0 0 0 0 0 0
1623 55 0 0 0 0 0 11 0 0
1625 22 1 1 0 0 0 0 0 0
1633 2 0 0 0 0 0 2 0 0
1634 6 0 0 0 0 0 2 0 0
1639 12 0 0 0 0 0 2 0 0
1641 4 1 1 0 0 0 0 0 0
1643 4 0 0 2 0 0 2 0 0
1645 4 0 0 0 0 0 0 0 0
1651 4 0 0 0 0 0 0 0 0
1668 29 4 4 9 1 1 0 0 0
1749 4 0 0 2 0 0 0 0 0
1754 4 1 1 2 0 0 0 0 0
1760 8 0 0 2 0 0 0 0 0
1766 4 0 0 2 1 1 0 0 0
1772 8 0 0 2 0 0 0 0 0
1773 8 1 1 2 0 0 0 0 0
1777 16 3 3 1 0 0 0 0 0
1778 5 0 0 0 0 0 1 1 1
1799 99 0 0 77 0 0 0 0 0
fl=./elf/./elf/dl-lookup-direct.c
fn=_dl_lookup_direct
32 15 0 0 9 0 0 0 0 0
33 9 1 1 0 0 0 0 0 0
35 6 0 0 3 3 3 0 0 0
36 6 0 0 3 0 0 0 0 0
48 9 0 0 3 0 0 3 0 0
51 6 0 0 6 0 0 0 0 0
53 21 1 1 6 0 0 6 0 0
57 9 0 0 9 2 1 0 0 0
58 21 0 0 9 0 0 0 0 0
59 15 0 0 6 0 0 3 0 0
74 39 2 2 0 0 0 27 0 0
76 6 0 0 3 0 0 0 0 0
78 21 0 0 9 0 0 0 0 0
79 6 0 0 0 0 0 0 0 0
81 12 1 1 3 0 0 3 0 0
84 25 0 0 5 2 1 0 0 0
86 12 0 0 3 0 0 0 0 0
93 6 2 2 0 0 0 0 0 0
115 3 0 0 0 0 0 0 0 0
116 27 0 0 21 0 0 0 0 0
fl=./elf/./elf/dl-lookup.c
fn=_dl_lookup_symbol_x
772 1339 2 2 0 0 0 927 2 2
774 206 0 0 0 0 0 103 0 0
775 412 0 0 0 0 0 103 0 0
778 103 0 0 103 0 0 0 0 0
782 394 0 0 94 0 0 0 0 0
785 206 1 1 103 0 0 0 0 0
787 206 0 0 206 1 0 0 0 0
791 1477 0 0 7 0 0 309 0 0
792 1751 2 2 721 0 0 721 1 1
797 515 0 0 206 0 0 0 0 0
799 42 1 1 7 0 0 0 0 0
816 103 0 0 0 0 0 103 0 0
817 21 1 1 0 0 0 0 0 0
820 206 0 0 103 0 0 0 0 0
821 656 0 0 92 0 0 0 0 0
828 124 1 1 96 0 0 0 0 0
856 384 1 1 96 0 0 0 0 0
870 288 0 0 96 1 1 0 0 0
871 2 1 1 0 0 0 1 0 0
873 192 0 0 96 0 0 0 0 0
890 384 0 0 96 0 0 0 0 0
892 927 1 1 721 0 0 0 0 0
fn=check_match
70 1470 1 1 196 22 19 588 1 1
73 784 1 1 196 10 9 0 0 0
78 4 0 0 0 0 0 0 0 0
86 480 0 0 0 0 0 0 0 0
89 396 0 0 68 0 0 34 0 0
93 96 1 1 96 0 0 0 0 0
94 192 0 0 0 0 0 0 0 0
96 188 0 0 0 0 0 0 0 0
115 188 0 0 188 3 1 0 0 0
116 752 1 1 282 4 0 0 0 0
117 470 2 2 188 1 0 94 0 0
144 4 0 0 0 0 0 0 0 0
146 12 0 0 4 2 2 0 0 0
147 8 0 0 0 0 0 0 0 0
161 96 0 0 0 0 0 0 0 0
162 784 0 0 686 0 0 0 0 0
fn=do_lookup_x
347 1442 2 2 206 0 0 1030 2 2
348 103 0 0 103 0 0 0 0 0
353 103 0 0 0 0 0 0 0 0
354 103 0 0 103 0 0 0 0 0
358 674 1 1 674 0 0 0 0 0
361 674 0 0 0 0 0 0 0 0
365 880 0 0 103 0 0 0 0 0
386 674 1 1 337 0 0 0 0 0
390 674 0 0 337 0 0 0 0 0
396 1011 0 0 337 1 0 0 0 0
400 337 0 0 0 0 0 337 0 0
401 337 0 0 0 0 0 337 0 0
404 1685 0 0 1011 1 0 0 0 0
405 1011 1 1 674 0 0 0 0 0
408 337 0 0 337 0 0 0 0 0
409 674 0 0 0 0 0 0 0 0
411 337 0 0 337 55 51 0 0 0
412 309 0 0 0 0 0 103 0 0
413 674 0 0 674 0 0 0 0 0
415 721 1 1 103 0 0 206 0 0
416 1348 0 0 674 0 0 0 0 0
419 2359 0 0 337 0 0 0 0 0
422 196 0 0 196 43 41 0 0 0
423 294 1 1 98 0 0 0 0 0
424 196 0 0 0 0 0 0 0 0
426 196 0 0 98 0 0 0 0 0
429 1095 1 1 219 67 64 0 0 0
431 294 0 0 98 0 0 0 0 0
432 2450 2 2 686 0 0 1274 2 2
433 196 0 0 0 0 0 0 0 0
436 294 0 0 0 0 0 0 0 0
439 373 0 0 2 0 0 0 0 0
461 768 1 1 576 0 0 0 0 0
470 16 2 2 14 0 0 0 0 0
476 192 1 1 0 0 0 0 0 0
483 744 0 0 96 0 0 0 0 0
487 18 1 1 6 0 0 0 0 0
499 192 0 0 96 0 0 96 0 0
500 96 0 0 0 0 0 96 0 0
501 96 0 0 0 0 0 0 0 0
518 723 0 0 0 0 0 0 0 0
521 7 0 0 0 0 0 0 0 0
522 824 1 1 721 0 0 0 0 0
fl=./elf/./elf/dl-minimal-malloc.c
fn=__minimal_calloc
80 40 1 1 0 0 0 0 0 0
84 8 0 0 0 0 0 0 0 0
87 8 0 0 0 0 0 0 0 0
88 24 0 0 0 0 0 0 0 0
fn=__minimal_free
97 6 1 1 0 0 0 1 0 0
99 15 0 0 7 0 0 0 0 0
103 5 0 0 1 0 0 1 0 0
104 1 0 0 0 0 0 1 0 0
106 2 0 0 2 0 0 0 0 0
fn=__minimal_malloc
36 224 2 2 0 0 0 112 1 1
37 84 0 0 28 2 1 0 0 0
42 3 1 1 0 0 0 1 0 0
43 2 1 1 1 0 0 0 0 0
44 2 0 0 0 0 0 0 0 0
48 111 0 0 27 0 0 28 0 0
51 188 0 0 0 0 0 0 0 0
56 8 0 0 2 0 0 0 0 0
57 8 0 0 0 0 0 0 0 0
59 2 1 1 0 0 0 0 0 0
60 16 0 0 0 0 0 2 0 0
62 4 0 0 0 0 0 0 0 0
64 8 0 0 0 0 0 2 0 0
65 6 0 0 2 0 0 0 0 0
67 6 0 0 0 0 0 2 0 0
70 28 1 1 0 0 0 28 0 0
71 30 0 0 0 0 0 28 0 0
73 168 0 0 140 0 0 0 0 0
fl=./elf/./elf/dl-minimal.c
fn=__rtld_malloc_init_real
76 10 1 1 0 0 0 6 0 0
86 2 1 1 0 0 0 1 0 0
87 1 0 0 0 0 0 1 0 0
89 1 0 0 0 0 0 1 0 0
91 6 1 1 0 0 0 1 0 0
92 5 0 0 0 0 0 1 0 0
93 5 0 0 0 0 0 1 0 0
94 4 1 1 0 0 0 1 0 0
99 1 0 0 0 0 0 1 0 0
100 1 0 0 0 0 0 1 0 0
101 1 0 0 0 0 0 1 0 0
102 1 0 0 0 0 0 1 0 0
103 8 0 0 7 0 0 0 0 0
fn=__rtld_malloc_init_stubs
42 1 1 1 0 0 0 0 0 0
43 2 1 1 0 0 0 1 1 1
44 2 0 0 0 0 0 1 0 0
45 2 0 0 0 0 0 1 0 0
46 2 0 0 0 0 0 1 0 0
47 1 0 0 1 0 0 0 0 0
fn=lookup_malloc_symbol
61 36 1 1 0 0 0 16 0 0
63 4 0 0 0 0 0 4 0 0
64 28 0 0 4 0 0 12 0 0
68 28 1 1 16 0 0 0 0 0
69 28 0 0 12 0 0 0 0 0
71 4 0 0 0 0 0 4 0 0
72 24 0 0 20 0 0 0 0 0
fn=strsep
239 5 1 1 0 0 0 0 0 0
242 10 0 0 5 1 1 0 0 0
244 5 0 0 5 0 0 0 0 0
245 10 0 0 0 0 0 0 0 0
247 8 0 0 0 0 0 0 0 0
249 188 1 1 62 0 0 0 0 0
251 122 0 0 0 0 0 0 0 0
254 238 0 0 119 0 0 0 0 0
256 348 0 0 116 0 0 0 0 0
260 6 0 0 0 0 0 3 0 0
264 58 0 0 0 0 0 0 0 0
267 4 0 0 0 0 0 4 0 0
271 10 0 0 5 0 0 0 0 0
fl=./elf/./elf/dl-misc.c
fn=_dl_name_match_p
68 98 1 1 0 0 0 42 0 0
69 56 0 0 14 0 0 14 0 0
70 3 0 0 0 0 0 0 0 0
72 14 0 0 14 0 0 0 0 0
74 58 0 0 0 0 0 0 0 0
75 90 1 1 18 0 0 18 0 0
80 15 0 0 15 0 0 0 0 0
82 11 0 0 0 0 0 0 0 0
83 56 0 0 56 0 0 0 0 0
fn=_dl_sysdep_read_whole_file
36 11 1 1 0 0 0 5 0 0
39 3 0 0 0 0 0 1 0 0
40 2 1 1 0 0 0 0 0 0
42 6 0 0 0 0 0 1 0 0
44 2 0 0 1 0 0 1 0 0
47 2 1 1 0 0 0 0 0 0
49 8 0 0 0 0 0 1 0 0
60 3 0 0 0 0 0 1 0 0
63 8 0 0 6 0 0 0 0 0
fl=./elf/./elf/dl-object.c
fn=_dl_add_to_namespace_list
31 27 1 1 0 0 0 12 1 1
33 9 0 0 3 0 0 3 0 0
35 26 1 1 3 0 0 0 0 0
38 20 0 0 5 0 0 0 0 0
40 2 0 0 0 0 0 2 0 0
42 2 0 0 0 0 0 2 0 0
45 2 1 1 0 0 0 1 0 0
46 9 0 0 3 0 0 0 0 0
47 6 0 0 3 0 0 3 0 0
48 6 0 0 0 0 0 3 0 0
50 6 0 0 3 0 0 0 0 0
51 15 0 0 12 0 0 0 0 0
fn=_dl_new_object
59 45 1 1 0 0 0 30 2 2
62 6 0 0 0 0 0 0 0 0
64 2 1 1 0 0 0 0 0 0
66 3 1 1 1 0 0 0 0 0
67 2 0 0 0 0 0 0 0 0
71 6 0 0 0 0 0 2 0 0
77 2 1 1 0 0 0 0 0 0
80 4 0 0 2 0 0 0 0 0
83 11 1 1 0 0 0 7 0 0
87 4 0 0 0 0 0 0 0 0
92 2 0 0 0 0 0 0 0 0
95 6 0 0 0 0 0 0 0 0
98 3 0 0 0 0 0 3 3 3
99 3 0 0 0 0 0 3 3 3
100 6 0 0 3 0 0 0 0 0
103 6 0 0 0 0 0 3 0 0
104 21 1 1 9 0 0 9 1 1
106 3 1 1 0 0 0 3 0 0
119 13 0 0 8 0 0 0 0 0
123 2 0 0 0 0 0 0 0 0
125 1 0 0 0 0 0 0 0 0
127 21 0 0 6 3 3 6 0 0
130 6 0 0 3 0 0 0 0 0
131 6 1 1 0 0 0 3 3 3
132 3 1 1 0 0 0 3 1 1
136 3 0 0 0 0 0 3 0 0
139 34 0 0 0 0 0 0 0 0
141 20 1 1 0 0 0 16 4 4
149 6 1 1 0 0 0 3 0 0
150 3 0 0 0 0 0 3 3 3
153 1 0 0 0 0 0 0 0 0
155 18 0 0 3 1 1 0 0 0
157 8 0 0 0 0 0 2 1 1
160 8 1 1 0 0 0 0 0 0
164 8 0 0 2 0 0 0 0 0
168 14 1 1 2 0 0 0 0 0
176 1 1 1 0 0 0 1 0 0
179 6 0 0 0 0 0 3 1 1
189 12 0 0 6 0 0 0 0 0
191 8 0 0 0 0 0 4 0 0
195 6 0 0 0 0 0 0 0 0
199 4 0 0 0 0 0 0 0 0
200 4 0 0 0 0 0 0 0 0
208 2 0 0 0 0 0 0 0 0
212 2 1 1 0 0 0 0 0 0
245 8 1 0 4 0 0 2 0 0
250 84 0 0 0 0 0 0 0 0
251 84 0 0 42 0 0 0 0 0
255 4 0 0 0 0 0 0 0 0
256 2 0 0 0 0 0 2 0 0
259 2 0 0 0 0 0 2 0 0
263 27 1 1 21 0 0 0 0 0
fl=./elf/./elf/dl-reloc.c
fn=_dl_relocate_object
170 672 1 1 168 70 70 0 0 0
171 212 1 1 0 0 0 0 0 0
174 1100 1 1 106 2 0 0 0 0
175 84 2 2 7 0 0 0 0 0
177 7 0 0 7 0 0 0 0 0
178 28 1 1 7 0 0 7 0 0
182 198 0 0 0 0 0 0 0 0
183 99 0 0 0 0 0 99 0 0
184 99 0 0 0 0 0 99 0 0
186 798 2 2 396 0 0 6 0 0
187 465 1 1 93 4 0 93 0 0
188 186 0 0 0 0 0 0 0 0
190 748 2 2 198 0 0 321 0 0
193 99 0 0 99 0 0 0 0 0
194 693 1 1 297 0 0 99 0 0
196 7 1 1 7 0 0 0 0 0
207 55 1 1 0 0 0 40 0 0
208 10 0 0 5 0 0 0 0 0
220 8 0 0 0 0 0 0 0 0
221 12 0 0 0 0 0 4 0 0
224 16 1 1 0 0 0 4 0 0
226 12 0 0 0 0 0 0 0 0
228 4 0 0 4 0 0 0 0 0
229 12 0 0 4 0 0 0 0 0
251 20 2 2 8 0 0 0 0 0
252 8 1 1 4 3 0 0 0 0
253 2 0 0 0 0 0 0 0 0
255 8 0 0 0 0 0 0 0 0
262 12 1 1 4 1 0 0 0 0
301 10034 8 8 1160 213 200 26 0 0
304 20 0 0 8 0 0 0 0 0
328 4 0 0 4 0 0 0 0 0
331 8 0 0 0 0 0 0 0 0
348 12 0 0 4 4 0 0 0 0
350 40 0 0 35 1 0 0 0 0
356 24 1 1 12 0 0 0 0 0
359 8 0 0 0 0 0 0 0 0
363 8 1 1 0 0 0 0 0 0
364 24 0 0 0 0 0 4 0 0
fl=./elf/./elf/dl-setup_hash.c
fn=_dl_setup_hash
25 8 1 1 0 0 0 0 0 0
28 12 1 1 4 0 0 0 0 0
31 12 0 0 8 0 0 0 0 0
32 8 0 0 4 3 3 4 1 1
33 4 0 0 4 0 0 0 0 0
34 4 0 0 4 0 0 0 0 0
36 12 0 0 0 0 0 0 0 0
37 4 0 0 0 0 0 4 0 0
38 12 1 1 4 0 0 4 0 0
40 4 0 0 0 0 0 4 0 0
41 8 0 0 0 0 0 0 0 0
43 4 0 0 0 0 0 4 0 0
45 12 0 0 0 0 0 4 0 0
50 4 0 0 4 0 0 0 0 0
fl=./elf/./elf/dl-sort-maps.c
fn=_dl_sort_maps
140 40 0 0 8 0 0 8 0 0
181 2 0 0 0 0 0 2 0 0
182 4 0 0 2 0 0 0 0 0
183 34 0 0 0 0 0 0 0 0
184 16 2 2 16 0 0 0 0 0
211 34 4 4 2 0 0 0 0 0
216 4 0 0 0 0 0 2 0 0
218 2 0 0 0 0 0 2 0 0
219 10 0 0 0 0 0 0 0 0
221 26 2 2 0 0 0 0 0 0
223 8 0 0 8 0 0 0 0 0
226 24 0 0 8 0 0 0 0 0
244 8 2 2 2 0 0 0 0 0
263 8 1 1 0 0 0 2 0 0
276 8 2 2 2 0 0 0 0 0
283 2 2 2 0 0 0 0 0 0
298 26 1 1 0 0 0 14 0 0
306 6 2 2 2 1 1 0 0 0
310 18 4 4 14 0 0 0 0 0
fn=_dl_sort_maps_init
289 4 2 2 0 0 0 1 0 0
290 4 0 0 0 0 0 1 0 0
291 1 0 0 0 0 0 1 0 0
292 3 0 0 1 0 0 0 0 0
293 2 0 0 2 0 0 0 0 0
fn=dfs_traversal.part.0
135 72 2 2 0 0 0 40 0 0
140 20 0 0 10 0 0 0 0 0
143 8 0 0 8 0 0 0 0 0
145 24 0 0 8 3 3 0 0 0
147 60 0 0 15 2 2 0 0 0
156 28 3 3 4 0 0 0 0 0
171 24 0 0 8 0 0 8 0 0
172 8 0 0 0 0 0 8 0 0
173 48 0 0 48 0 0 0 0 0
fl=./elf/./elf/dl-tunables.c
fn=__GI___tunable_set_val
72 50 1 1 5 0 0 0 0 0
82 5 0 0 5 0 0 0 0 0
93 40 1 1 10 0 0 0 0 0
94 25 0 0 10 0 0 0 0 0
97 10 0 0 0 0 0 0 0 0
100 35 0 0 0 0 0 0 0 0
104 10 0 0 0 0 0 0 0 0
111 10 0 0 0 0 0 0 0 0
112 10 0 0 0 0 0 0 0 0
115 25 1 1 0 0 0 5 0 0
116 5 0 0 0 0 0 5 0 0
117 5 0 0 0 0 0 5 0 0
118 5 0 0 0 0 0 5 0 0
153 30 1 1 0 0 0 10 0 0
157 15 0 0 15 0 0 0 0 0
fn=__GI___tunables_init
42 195 1 1 39 0 0 0 0 0
45 38 0 0 0 0 0 0 0 0
48 3647 0 0 521 24 24 0 0 0
52 76 0 0 0 0 0 0 0 0
56 152 1 1 0 0 0 0 0 0
128 1 0 0 0 0 0 0 0 0
261 10 2 2 0 0 0 6 0 0
267 4 0 0 1 0 0 0 0 0
281 6232 0 0 0 0 0 0 0 0
283 2 0 0 0 0 0 0 0 0
287 11286 1 1 3116 41 41 0 0 0
304 8 1 1 7 0 0 0 0 0
fn=__tunable_get_val
387 74 1 1 0 0 0 0 0 0
390 438 1 1 37 36 31 0 0 0
399 49 0 0 34 15 0 15 0 0
400 15 0 0 0 0 0 0 0 0
409 28 1 1 0 0 0 22 0 0
416 222 0 0 37 4 0 0 0 0
418 37 0 0 37 0 0 0 0 0
fl=./elf/./elf/dl-tunables.h
fn=__GI___tunable_set_val
141 10 0 0 0 0 0 0 0 0
142 10 1 1 0 0 0 0 0 0
151 5 0 0 0 0 0 0 0 0
fn=__GI___tunables_init
160 712 1 1 478 1 1 0 0 0
161 1760 0 0 0 0 0 0 0 0
fl=./elf/./elf/dl-version.c
fn=_dl_check_all_versions
392 7 1 1 0 0 0 5 0 0
394 1 0 0 0 0 0 0 0 0
396 17 0 0 4 0 0 0 0 0
397 4 0 0 0 0 0 0 0 0
398 36 1 1 4 0 0 4 0 0
401 7 0 0 6 0 0 0 0 0
fn=_dl_check_map_versions
36 26 0 0 4 0 0 0 0 0
37 5 0 0 5 0 0 0 0 0
38 37 1 1 0 0 0 7 0 0
56 32 0 0 24 0 0 0 0 0
64 24 0 0 8 0 0 0 0 0
70 24 1 1 8 0 0 0 0 0
86 8 0 0 8 1 0 0 0 0
87 16 0 0 0 0 0 0 0 0
89 8 0 0 8 0 0 0 0 0
94 210 0 0 85 13 13 24 0 0
108 170 0 0 85 4 4 0 0 0
110 8 1 1 8 0 0 0 0 0
113 64 1 1 24 0 0 16 0 0
120 231 1 1 77 7 7 0 0 0
124 77 0 0 0 0 0 0 0 0
155 40 0 0 0 0 0 24 0 0
156 4 0 0 0 0 0 4 0 0
164 6 1 1 0 0 0 4 0 0
170 12 0 0 4 0 0 0 0 0
172 20 1 1 8 1 0 0 0 0
174 4 0 0 4 0 0 0 0 0
175 4 0 0 4 0 0 0 0 0
177 8 0 0 0 0 0 0 0 0
180 6 1 1 4 0 0 0 0 0
184 16 0 0 2 2 2 10 0 0
200 6 1 1 4 0 0 0 0 0
208 6 0 0 2 0 0 0 0 0
213 6 0 0 2 0 0 0 0 0
215 6 0 0 0 0 0 0 0 0
217 32 1 1 16 2 2 8 0 0
218 73 1 1 50 0 0 0 0 0
221 16 0 0 8 0 0 8 0 0
224 24 0 0 16 0 0 0 0 0
228 4 1 1 2 0 0 2 0 0
231 32 0 0 8 0 0 0 0 0
234 24 0 0 8 0 0 0 0 0
239 6 0 0 0 0 0 0 0 0
243 6 0 0 2 0 0 0 0 0
257 15 2 2 6 0 0 0 0 0
260 4 0 0 4 0 0 0 0 0
263 198 0 0 50 2 2 2 0 0
266 148 0 0 48 1 1 2 0 0
270 46 0 0 0 0 0 0 0 0
274 9 1 1 3 0 0 0 0 0
279 3 0 0 0 0 0 3 1 0
280 12 1 1 3 0 0 3 0 0
281 9 0 0 3 0 0 0 0 0
291 3 0 0 0 0 0 3 0 0
294 17 0 0 10 1 0 3 0 0
296 6 0 0 0 0 0 0 0 0
299 8 1 1 4 0 0 0 0 0
303 6 0 0 2 0 0 0 0 0
306 24 1 1 8 0 0 0 0 0
308 32 0 0 0 0 0 0 0 0
310 40 0 0 8 0 0 8 0 0
311 16 0 0 0 0 0 8 3 3
312 24 0 0 8 0 0 8 0 0
313 24 0 0 8 0 0 8 2 2
316 24 0 0 8 0 0 0 0 0
321 6 0 0 0 0 0 0 0 0
324 6 0 0 2 0 0 0 0 0
334 6 1 1 0 0 0 0 0 0
337 4 0 0 2 0 0 0 0 0
341 46 0 0 46 0 0 0 0 0
343 96 0 0 48 0 0 0 0 0
347 46 0 0 46 0 0 0 0 0
348 230 0 0 46 0 0 46 12 12
349 138 0 0 46 0 0 46 0 0
350 46 0 0 0 0 0 46 6 6
353 144 0 0 48 0 0 0 0 0
357 46 0 0 0 0 0 0 0 0
365 4 0 0 0 0 0 0 0 0
366 4 1 1 2 0 0 0 0 0
367 4 0 0 2 0 0 0 0 0
368 2 0 0 1 0 0 0 0 0
370 4 1 1 3 0 0 0 0 0
372 124 0 0 32 0 0 0 0 0
373 60 1 1 0 0 0 0 0 0
375 2 0 0 1 0 0 0 0 0
376 7 0 0 0 0 0 1 0 0
387 36 1 1 32 0 0 0 0 0
fl=./elf/./elf/do-rel.h
fn=_dl_relocate_object
49 24 1 1 8 1 0 0 0 0
50 24 0 0 8 0 0 8 0 0
51 4 0 0 4 0 0 0 0 0
53 40 0 0 16 0 0 0 0 0
72 3 0 0 0 0 0 0 0 0
73 4 1 1 0 0 0 4 0 0
80 24 0 0 8 0 0 0 0 0
114 24 1 1 0 0 0 0 0 0
123 36 0 0 0 0 0 0 0 0
124 12 0 0 6 3 2 0 0 0
126 24 1 1 8 4 0 0 0 0
129 24 0 0 12 2 0 6 0 0
131 678 1 1 177 0 0 0 0 0
133 810 0 0 486 102 97 0 0 0
134 648 0 0 162 0 0 162 0 0
135 486 0 0 324 0 0 162 0 0
136 648 0 0 162 0 0 0 0 0
138 486 1 1 0 0 0 0 0 0
141 188 0 0 47 0 0 47 0 0
142 47 1 1 0 0 0 47 0 0
143 47 0 0 0 0 0 0 0 0
147 115 0 0 0 0 0 115 0 0
150 361 1 1 115 0 0 0 0 0
151 69 2 2 23 1 0 0 0 0
164 12 1 1 6 0 0 0 0 0
165 211 0 0 6 0 0 4 0 0
166 189 1 1 63 0 0 0 0 0
169 141 0 0 94 0 0 0 0 0
171 188 0 0 47 0 0 47 0 0
172 47 0 0 47 0 0 0 0 0
173 94 0 0 47 0 0 0 0 0
180 31 1 1 9 0 0 0 0 0
182 42 1 1 12 2 2 6 0 0
183 12 0 0 12 0 0 0 0 0
185 18 0 0 0 0 0 0 0 0
193 6 0 0 0 0 0 6 0 0
196 18 0 0 6 0 0 0 0 0
211 7 1 1 4 0 0 0 0 0
fn=_dl_start
49 6 0 0 2 0 0 0 0 0
50 4 0 0 2 0 0 0 0 0
51 1 0 0 1 0 0 0 0 0
53 10 1 1 4 0 0 0 0 0
56 4 0 0 0 0 0 0 0 0
61 13 1 1 0 0 0 0 0 0
63 9 1 1 3 1 1 0 0 0
64 6 0 0 0 0 0 0 0 0
65 3 0 0 3 0 0 0 0 0
fl=./elf/./elf/get-dynamic-info.h
fn=_dl_map_object_from_fd
39 4 0 0 0 0 0 0 0 0
43 2 0 0 0 0 0 0 0 0
45 194 0 0 49 13 13 0 0 0
49 94 0 0 0 0 0 0 0 0
51 26 1 1 0 0 0 0 0 0
52 13 0 0 0 0 0 0 0 0
53 3 0 0 0 0 0 0 0 0
54 42 1 1 0 0 0 0 0 0
55 34 0 0 0 0 0 0 0 0
56 10 1 1 0 0 0 0 0 0
59 8 1 1 0 0 0 0 0 0
62 8 0 0 0 0 0 0 0 0
64 8 0 0 0 0 0 0 0 0
68 47 0 0 0 0 0 47 12 12
72 8 0 0 2 0 0 0 0 0
84 7 1 1 3 0 0 0 0 0
85 8 0 0 4 0 0 0 0 0
86 8 0 0 4 0 0 0 0 0
87 8 0 0 4 0 0 0 0 0
88 7 0 0 3 1 1 0 0 0
89 7 1 1 3 1 1 0 0 0
90 7 0 0 3 1 1 0 0 0
91 8 0 0 4 0 0 0 0 0
103 16 1 1 4 0 0 2 0 0
110 7 0 0 2 0 0 0 0 0
115 2 0 0 1 0 0 0 0 0
122 2 0 0 1 0 0 0 0 0
123 6 1 1 4 0 0 0 0 0
129 6 0 0 2 0 0 0 0 0
130 3 0 0 2 0 0 0 0 0
147 6 0 0 2 0 0 0 0 0
152 2 0 0 1 0 0 1 0 0
154 2 0 0 0 0 0 0 0 0
156 2 0 0 0 0 0 0 0 0
158 2 0 0 0 0 0 0 0 0
159 2 0 0 0 0 0 1 0 0
162 6 1 1 2 0 0 0 0 0
164 6 1 1 2 0 0 2 0 0
165 4 0 0 0 0 0 0 0 0
174 4 0 0 2 0 0 0 0 0
175 6 1 1 0 0 0 0 0 0
180 4 0 0 0 0 0 0 0 0
181 3 0 0 1 0 0 1 0 0
184 4 0 0 2 0 0 0 0 0
fl=./elf/./elf/libc_early_init.c
fn=__libc_early_init
33 9 1 1 1 0 0 3 0 0
35 1 1 1 0 0 0 1 0 0
38 2 0 0 1 1 0 1 1 1
41 2 0 0 0 0 0 2 1 1
47 4 0 0 2 0 0 0 0 0
49 2 0 0 2 0 0 0 0 0
fl=./elf/./elf/rtld.c
fn=_dl_start
85 8 0 0 0 0 0 2 1 1
458 2 0 0 0 0 0 1 0 0
476 3 0 0 0 0 0 1 0 0
477 1 0 0 0 0 0 1 0 0
478 2 0 0 1 0 0 1 1 1
488 1 0 0 0 0 0 1 0 0
494 4 2 1 1 0 0 1 0 0
496 2 0 0 1 0 0 0 0 0
517 16 2 2 0 0 0 8 2 2
543 1 0 0 0 0 0 1 1 1
546 2 1 1 0 0 0 1 1 1
547 4 0 0 1 1 1 0 0 0
563 190 5 5 24 5 5 5 0 0
565 1 0 0 1 0 0 0 0 0
578 1 1 1 0 0 0 1 0 0
585 9 1 1 7 2 0 0 0 0
fn=dl_main
85 17 2 2 0 0 0 1 0 0
92 12 1 1 0 0 0 0 0 0
93 2 0 0 0 0 0 1 0 0
101 9 0 0 4 0 0 0 0 0
197 2 0 0 0 0 0 1 0 0
199 1 0 0 0 0 0 1 0 0
224 3 0 0 3 0 0 0 0 0
225 5 0 0 3 0 0 0 0 0
226 4 1 1 0 0 0 0 0 0
296 3 1 1 0 0 0 3 0 0
302 1 0 0 0 0 0 1 0 0
303 1 0 0 0 0 0 1 0 0
837 1 0 0 1 0 0 0 0 0
839 1 0 0 0 0 0 1 0 0
848 1 1 1 0 0 0 1 0 0
850 1 0 0 0 0 0 1 0 0
855 1 0 0 0 0 0 1 0 0
1115 1 0 0 1 0 0 0 0 0
1116 1 1 1 1 0 0 0 0 0
1118 1 0 0 0 0 0 1 0 0
1122 3 0 0 2 1 1 1 1 1
1124 1 0 0 1 0 0 0 0 0
1125 1 0 0 1 0 0 0 0 0
1140 1 0 0 0 0 0 0 0 0
1143 46 4 4 0 0 0 0 0 0
1144 117 1 1 22 6 6 0 0 0
1148 3 1 1 1 0 0 1 0 0
1153 3 0 0 2 0 0 1 0 0
1154 9 1 1 2 0 0 1 0 0
1163 2 0 0 0 0 0 1 0 0
1164 2 0 0 2 1 1 0 0 0
1166 1 0 0 0 0 0 1 0 0
1173 3 1 1 1 0 0 0 0 0
1191 2 0 0 0 0 0 1 0 0
1199 8 0 0 4 0 0 0 0 0
1200 17 0 0 5 1 1 0 0 0
1201 8 0 0 4 0 0 0 0 0
1202 1 0 0 0 0 0 1 0 0
1204 12 0 0 4 0 0 0 0 0
1205 14 0 0 0 0 0 0 0 0
1209 8 0 0 4 3 3 0 0 0
1210 8 0 0 4 0 0 0 0 0
1211 4 0 0 0 0 0 4 0 0
1215 12 0 0 0 0 0 0 0 0
1243 2 1 1 1 0 0 1 1 1
1247 3 0 0 2 1 1 1 0 0
1253 28 0 0 1 0 0 0 0 0
1254 61 0 0 13 0 0 0 0 0
1260 17 0 0 0 0 0 1 0 0
1266 4 0 0 2 1 1 0 0 0
1269 3 1 1 2 0 0 0 0 0
1271 3 0 0 1 0 0 0 0 0
1346 13 2 2 0 0 0 9 1 1
1351 1 0 0 0 0 0 0 0 0
1352 1 0 0 0 0 0 1 0 0
1357 1 0 0 0 0 0 1 1 1
1373 3 0 0 2 0 0 1 0 0
1374 4 1 1 2 0 0 0 0 0
1637 10 1 1 0 0 0 3 0 0
1639 2 0 0 0 0 0 0 0 0
1640 3 1 1 0 0 0 1 0 0
1641 2 0 0 1 0 0 1 0 0
1642 3 0 0 2 0 0 1 0 0
1646 2 0 0 0 0 0 1 0 0
1647 2 0 0 1 0 0 0 0 0
1672 3 1 1 1 0 0 0 0 0
1673 5 0 0 1 0 0 1 0 0
1674 3 0 0 2 0 0 0 0 0
1675 3 0 0 3 0 0 0 0 0
1678 1 0 0 0 0 0 1 0 0
1680 1 1 1 0 0 0 1 1 1
1681 1 0 0 0 0 0 1 0 0
1683 2 0 0 1 0 0 0 0 0
1684 2 0 0 0 0 0 1 0 0
1688 2 0 0 1 0 0 0 0 0
1690 2 1 1 0 0 0 0 0 0
1698 4 0 0 2 0 0 0 0 0
1705 2 1 1 1 0 0 1 0 0
1708 2 1 1 1 0 0 0 0 0
1733 4 1 1 1 0 0 1 0 0
1735 1 0 0 0 0 0 1 0 0
1740 2 0 0 1 0 0 0 0 0
1743 4 1 1 2 0 0 1 0 0
1744 4 0 0 1 0 0 1 0 0
1745 3 1 1 2 0 0 1 0 0
1746 1 0 0 0 0 0 1 0 0
1747 1 0 0 1 0 0 0 0 0
1748 1 0 0 1 0 0 0 0 0
1759 2 0 0 1 1 1 0 0 0
1760 2 0 0 1 0 0 0 0 0
1762 2 1 1 1 0 0 0 0 0
1764 1 0 0 0 0 0 1 0 0
1765 3 0 0 1 0 0 1 0 0
1770 5 1 1 0 0 0 0 0 0
1771 5 0 0 1 1 1 0 0 0
1773 3 2 2 2 1 1 1 1 1
1779 2 0 0 1 1 1 0 0 0
1788 2 1 1 1 0 0 0 0 0
1792 1 0 0 0 0 0 0 0 0
1793 2 0 0 1 0 0 0 0 0
1817 2 1 1 0 0 0 2 0 0
1823 1 0 0 0 0 0 1 0 0
1824 1 0 0 0 0 0 1 0 0
1825 1 0 0 0 0 0 0 0 0
1829 3 0 0 1 0 0 1 0 0
1834 3 1 1 2 0 0 0 0 0
1836 1 0 0 0 0 0 0 0 0
1838 2 0 0 1 0 0 0 0 0
1842 5 1 1 2 0 0 1 0 0
1847 2 0 0 1 0 0 0 0 0
1863 6 1 1 0 0 0 1 0 0
1939 4 0 0 2 0 0 0 0 0
1943 19 2 2 1 0 0 0 0 0
1944 1 0 0 0 0 0 0 0 0
1947 3 0 0 0 0 0 1 0 0
1948 1 1 1 1 0 0 0 0 0
1949 2 0 0 0 0 0 0 0 0
1950 2 0 0 0 0 0 0 0 0
1955 3 0 0 1 0 0 0 0 0
1965 9 1 1 2 0 0 1 0 0
1971 19 1 1 1 0 0 0 0 0
1972 12 0 0 9 0 0 0 0 0
1975 3 0 0 2 0 0 1 0 0
1976 2 1 1 0 0 0 0 0 0
1977 1 0 0 0 0 0 1 0 0
1979 14 0 0 1 0 0 0 0 0
1980 6 0 0 3 0 0 0 0 0
1984 2 1 1 0 0 0 0 0 0
1990 1 1 1 0 0 0 1 0 0
1992 3 0 0 1 0 0 1 0 0
1993 2 0 0 0 0 0 0 0 0
1995 2 0 0 0 0 0 1 0 0
1997 3 0 0 0 0 0 0 0 0
1999 3 1 1 1 0 0 0 0 0
2000 1 0 0 1 0 0 0 0 0
2001 2 0 0 0 0 0 0 0 0
2013 2 0 0 0 0 0 0 0 0
2014 2 0 0 1 0 0 1 0 0
2015 3 0 0 1 0 0 0 0 0
2026 5 0 0 1 0 0 1 0 0
2027 4 0 0 0 0 0 1 0 0
2028 5 1 1 0 0 0 1 0 0
2038 2 0 0 1 0 0 1 0 0
2039 2 0 0 1 0 0 0 0 0
2040 4 1 1 0 0 0 2 0 0
2042 2 0 0 0 0 0 0 0 0
2047 3 0 0 1 0 0 0 0 0
2246 3 0 0 1 0 0 1 0 0
2250 3 0 0 1 0 0 2 0 0
2256 2 1 1 1 0 0 1 0 0
2259 2 0 0 1 0 0 0 0 0
2267 2 0 0 2 0 0 0 0 0
2279 3 1 1 1 0 0 0 0 0
2282 3 0 0 1 0 0 1 0 0
2284 3 0 0 1 0 0 0 0 0
2285 6 0 0 1 0 0 1 0 0
2292 2 0 0 2 1 0 0 0 0
2293 21 0 0 3 0 0 1 1 0
2295 8 1 1 8 1 0 0 0 0
2300 8 0 0 8 3 0 0 0 0
2302 10 0 0 0 0 0 0 0 0
2304 1 1 1 0 0 0 1 1 0
2305 1 0 0 1 0 0 0 0 0
2308 4 0 0 4 0 0 0 0 0
2310 8 0 0 0 0 0 0 0 0
2311 24 0 0 6 2 0 3 0 0
2315 10 1 1 5 3 0 0 0 0
2316 3 0 0 0 0 0 1 0 0
2325 2 0 0 1 0 0 0 0 0
2329 4 0 0 2 0 0 0 0 0
2331 1 0 0 1 0 0 0 0 0
2338 4 1 1 1 0 0 1 0 0
2341 2 0 0 1 0 0 0 0 0
2345 3 1 1 2 1 0 0 0 0
2347 2 0 0 1 0 0 0 0 0
2357 1 1 1 0 0 0 1 0 0
2362 3 0 0 1 0 0 1 0 0
2365 1 0 0 0 0 0 1 0 0
2371 1 0 0 1 0 0 0 0 0
2372 5 1 1 2 0 0 1 0 0
2380 3 0 0 1 0 0 1 0 0
2387 1 0 0 0 0 0 1 0 0
2390 3 0 0 0 0 0 1 0 0
2394 3 0 0 0 0 0 1 0 0
2395 1 0 0 0 0 0 1 1 0
2396 1 0 0 0 0 0 1 0 0
2397 1 0 0 0 0 0 0 0 0
2401 1 0 0 0 0 0 1 0 0
2406 8 0 0 7 2 0 0 0 0
2538 1 0 0 1 0 0 0 0 0
2598 1 0 0 0 0 0 1 1 1
2600 2 0 0 0 0 0 0 0 0
2602 15 1 1 0 0 0 3 0 0
2604 2 0 0 0 0 0 0 0 0
2606 107 0 0 21 0 0 0 0 0
2607 19 0 0 0 0 0 0 0 0
2615 13 1 1 2 2 2 0 0 0
2640 2 1 1 1 0 0 0 0 0
2650 4 1 1 2 0 0 0 0 0
2652 2 0 0 0 0 0 1 0 0
2653 1 0 0 0 0 0 0 0 0
2687 5 2 2 2 0 0 0 0 0
2689 2 0 0 0 0 0 1 0 0
2690 2 0 0 0 0 0 1 0 0
2691 1 0 0 0 0 0 0 0 0
2727 5 0 0 1 0 0 0 0 0
2749 3 0 0 1 0 0 0 0 0
fn=handle_preload_list
183 3 0 0 1 0 0 0 0 0
806 1 0 0 0 0 0 1 0 0
810 2 0 0 0 0 0 1 0 0
811 2 0 0 1 0 0 1 0 0
812 1 0 0 0 0 0 1 0 0
814 1 0 0 1 0 0 0 0 0
816 6 1 1 0 0 0 1 0 0
817 3 0 0 1 0 0 0 0 0
825 3 0 0 1 0 0 0 0 0
869 13 2 2 1 1 1 8 1 1
870 3 0 0 0 0 0 0 0 0
874 5 0 0 2 0 0 0 0 0
877 4 1 1 0 0 0 1 0 0
878 3 0 0 0 0 0 0 0 0
880 4 1 1 0 0 0 1 0 0
881 2 0 0 0 0 0 1 0 0
887 1 0 0 0 0 0 0 0 0
889 2 0 0 1 0 0 0 0 0
891 2 1 1 1 0 0 0 0 0
892 1 0 0 0 0 0 0 0 0
895 9 0 0 7 0 0 0 0 0
fn=init_tls
734 4 1 1 0 0 0 3 0 0
736 2 0 0 1 0 0 1 0 0
740 3 0 0 1 0 0 0 0 0
746 2 0 0 0 0 0 1 0 0
749 1 0 0 0 0 0 1 0 0
750 1 0 0 0 0 0 0 0 0
751 1 0 0 0 0 0 0 0 0
755 1 0 0 0 0 0 0 0 0
757 1 0 0 0 0 0 1 0 0
761 2 1 1 1 1 1 0 0 0
762 2 0 0 0 0 0 0 0 0
763 12 0 0 1 0 0 0 0 0
764 4 1 1 4 0 0 0 0 0
765 8 1 1 4 1 0 0 0 0
769 3 0 0 0 0 0 1 0 0
771 1 0 0 0 0 0 0 0 0
773 3 0 0 1 0 0 0 0 0
776 2 0 0 0 0 0 1 0 0
779 1 0 0 0 0 0 1 0 0
786 2 1 1 0 0 0 1 0 0
787 2 0 0 0 0 0 0 0 0
793 2 0 0 1 0 0 1 0 0
797 1 0 0 0 0 0 1 0 0
800 5 0 0 4 0 0 0 0 0
fn=map_doit
641 6 1 1 0 0 0 2 0 0
643 4 0 0 1 0 0 0 0 0
644 6 0 0 2 0 0 2 1 1
646 3 0 0 3 0 0 0 0 0
fn=version_check_doit
674 6 2 2 0 0 0 2 0 0
676 6 0 0 2 0 0 1 0 0
680 3 0 0 3 0 0 0 0 0
fl=./elf/./get-dynamic-info.h
fn=_dl_start
45 75 0 0 19 5 5 0 0 0
49 36 0 0 0 0 0 0 0 0
51 10 0 0 0 0 0 0 0 0
52 5 1 1 0 0 0 0 0 0
54 20 0 0 0 0 0 0 0 0
55 16 0 0 0 0 0 0 0 0
56 5 0 0 0 0 0 0 0 0
59 4 1 1 0 0 0 0 0 0
62 4 1 1 0 0 0 0 0 0
64 4 0 0 0 0 0 0 0 0
68 18 0 0 0 0 0 18 7 7
72 3 0 0 0 0 0 0 0 0
84 4 0 0 2 0 0 0 0 0
85 3 0 0 1 0 0 0 0 0
86 4 1 1 2 0 0 0 0 0
87 4 0 0 2 0 0 0 0 0
88 5 0 0 2 0 0 0 0 0
89 3 1 1 1 0 0 0 0 0
90 4 0 0 2 0 0 0 0 0
91 4 0 0 2 0 0 0 0 0
103 10 2 2 2 0 0 1 0 0
110 3 0 0 1 1 1 0 0 0
123 3 2 2 2 0 0 0 0 0
129 3 0 0 1 0 0 0 0 0
130 3 0 0 2 0 0 0 0 0
133 2 0 0 1 0 0 0 0 0
134 3 0 0 1 0 0 0 0 0
139 5 1 1 2 0 0 0 0 0
142 5 0 0 2 0 0 0 0 0
fn=dl_main
39 4 0 0 2 0 0 0 0 0
43 1 0 0 0 0 0 0 0 0
45 107 0 0 27 7 7 0 0 0
49 52 1 1 0 0 0 0 0 0
51 12 0 0 0 0 0 0 0 0
52 6 0 0 0 0 0 0 0 0
54 25 0 0 0 0 0 0 0 0
55 21 0 0 0 0 0 0 0 0
56 5 1 1 0 0 0 0 0 0
59 4 0 0 0 0 0 0 0 0
62 4 1 1 0 0 0 0 0 0
64 4 0 0 0 0 0 0 0 0
68 26 0 0 0 0 0 26 8 8
72 7 1 1 4 0 0 0 0 0
84 3 0 0 1 0 0 0 0 0
85 5 1 1 3 0 0 0 0 0
86 5 0 0 3 0 0 0 0 0
87 5 0 0 3 0 0 0 0 0
88 4 0 0 2 0 0 0 0 0
89 5 1 1 3 0 0 0 0 0
90 5 0 0 3 0 0 0 0 0
91 5 1 1 3 0 0 0 0 0
103 9 0 0 3 0 0 1 0 0
110 3 0 0 1 0 0 0 0 0
115 2 1 1 1 0 0 0 0 0
122 3 0 0 2 0 0 0 0 0
123 4 1 1 3 0 0 0 0 0
129 3 0 0 1 0 0 0 0 0
147 4 0 0 2 0 0 0 0 0
152 2 1 1 1 0 0 1 1 1
154 2 0 0 0 0 0 0 0 0
156 2 0 0 0 0 0 0 0 0
158 2 0 0 0 0 0 0 0 0
159 2 0 0 1 0 0 1 0 0
162 4 1 1 2 0 0 0 0 0
164 3 0 0 1 0 0 1 0 0
165 2 0 0 0 0 0 0 0 0
174 2 0 0 1 0 0 0 0 0
175 3 1 1 0 0 0 0 0 0
180 2 0 0 0 0 0 0 0 0
181 3 1 1 2 0 0 1 0 0
184 3 0 0 2 0 0 0 0 0
fl=./elf/./setup-vdso.h
fn=dl_main
24 2 0 0 1 0 0 0 0 0
fl=./io/../sysdeps/unix/sysv/linux/access.c
fn=access
25 1 0 0 0 0 0 0 0 0
27 7 0 0 0 0 0 1 0 0
31 1 0 0 1 0 0 0 0 0
fl=./io/../sysdeps/unix/sysv/linux/close_nocancel.c
fn=__GI___close_nocancel
25 3 1 1 0 0 0 0 0 0
26 12 0 0 0 0 0 0 0 0
27 3 0 0 3 0 0 0 0 0
fl=./io/../sysdeps/unix/sysv/linux/fstat64.c
fn=fstat
30 4 2 2 0 0 0 0 0 0
39 16 2 2 0 0 0 0 0 0
72 4 0 0 4 0 0 0 0 0
fl=./io/../sysdeps/unix/sysv/linux/fstatat64.c
fn=fstatat
91 12 0 0 0 0 0 0 0 0
146 12 0 0 0 0 0 0 0 0
160 10 1 1 0 0 0 5 0 0
161 23 0 0 5 0 0 0 0 0
162 1 0 0 1 0 0 0 0 0
fl=./io/../sysdeps/unix/sysv/linux/open64_nocancel.c
fn=__open_nocancel
28 48 1 1 0 0 0 24 0 0
31 84 0 0 0 0 0 0 0 0
39 111 1 1 0 0 0 9 0 0
41 24 0 0 24 0 0 0 0 0
fl=./io/../sysdeps/unix/sysv/linux/pread64_nocancel.c
fn=__pread64_nocancel
25 4 0 0 0 0 0 0 0 0
26 8 0 0 0 0 0 0 0 0
27 2 0 0 2 0 0 0 0 0
fl=./io/../sysdeps/unix/sysv/linux/read_nocancel.c
fn=__read_nocancel
25 2 1 1 0 0 0 0 0 0
26 8 0 0 0 0 0 0 0 0
27 2 0 0 2 0 0 0 0 0
fl=./io/../sysdeps/unix/sysv/linux/stat64.c
fn=stat
28 12 0 0 0 0 0 0 0 0
29 24 0 0 0 0 0 0 0 0
fl=./io/../sysdeps/unix/sysv/linux/write.c
fn=write
25 2 1 1 0 0 0 0 0 0
26 12 0 0 2 1 1 0 0 0
27 2 0 0 2 0 0 0 0 0
fl=./libio/../include/sys/sysmacros.h
fn=_IO_file_doallocate
47 6 0 0 0 0 0 0 0 0
fl=./libio/./libio/filedoalloc.c
fn=_IO_file_doallocate
78 11 2 2 1 0 0 5 0 0
84 9 1 1 3 1 0 1 0 0
86 4 0 0 1 0 0 0 0 0
89 2 1 1 0 0 0 0 0 0
91 2 1 1 1 0 0 0 0 0
94 2 0 0 1 0 0 0 0 0
97 4 0 0 1 0 0 0 0 0
101 3 0 0 0 0 0 1 0 0
102 2 0 0 0 0 0 0 0 0
104 4 1 1 0 0 0 1 0 0
105 1 0 0 0 0 0 0 0 0
106 9 0 0 7 0 0 0 0 0
fl=./libio/./libio/fileops.c
fn=_IO_do_write@@GLIBC_2.2.5
424 25 1 1 0 0 0 12 0 0
426 17 0 0 0 0 0 0 0 0
427 17 0 0 15 0 0 0 0 0
434 4 1 1 2 0 0 0 0 0
441 8 0 0 4 0 0 0 0 0
444 2 0 0 2 0 0 0 0 0
449 10 0 0 2 1 1 2 0 0
450 10 1 1 2 0 0 0 0 0
452 6 0 0 2 0 0 4 0 0
453 4 0 0 0 0 0 2 0 0
454 2 0 0 0 0 0 2 0 0
455 4 1 1 2 0 0 0 0 0
456 8 0 0 2 0 0 0 0 0
fn=_IO_file_overflow@@GLIBC_2.2.5
732 184 2 2 0 0 0 92 1 1
733 92 0 0 23 0 0 0 0 0
740 113 0 0 23 0 0 0 0 0
743 2 1 1 0 0 0 0 0 0
745 2 1 1 0 0 0 1 0 0
746 6 0 0 1 0 0 2 0 0
755 3 1 1 1 0 0 0 0 0
764 3 0 0 1 0 0 0 0 0
765 1 0 0 0 0 0 0 0 0
766 1 0 0 0 0 0 1 0 0
767 1 0 0 0 0 0 1 0 0
768 1 0 0 0 0 0 1 0 0
769 3 0 0 1 0 0 2 0 0
771 3 0 0 0 0 0 1 0 0
772 5 1 1 1 0 0 0 0 0
773 2 0 0 0 0 0 1 0 0
775 46 1 1 0 0 0 0 0 0
776 4 0 0 0 0 0 0 0 0
777 24 0 0 22 0 0 0 0 0
778 42 0 0 21 0 0 0 0 0
781 63 0 0 0 0 0 42 0 0
782 63 0 0 21 0 0 0 0 0
783 84 0 0 0 0 0 0 0 0
784 4 0 0 0 0 0 1 0 0
785 3 0 0 2 0 0 0 0 0
787 21 0 0 0 0 0 0 0 0
788 136 0 0 113 0 0 0 0 0
fn=_IO_file_setbuf@@GLIBC_2.2.5
382 6 1 1 0 0 0 2 0 0
383 3 0 0 0 0 0 1 0 0
386 1 0 0 1 0 0 0 0 0
388 3 0 0 0 0 0 3 0 0
390 2 0 0 0 0 0 0 0 0
391 3 0 0 3 0 0 0 0 0
fn=_IO_file_stat
1147 1 1 1 0 0 0 0 0 0
1148 2 0 0 1 0 0 0 0 0
fn=_IO_file_sync@@GLIBC_2.2.5
793 7 1 1 0 0 0 3 0 0
798 4 0 0 2 0 0 0 0 0
800 1 1 1 1 0 0 0 0 0
801 2 0 0 1 0 0 0 0 0
812 2 1 1 0 0 0 1 0 0
816 5 0 0 4 0 0 0 0 0
fn=_IO_file_write@@GLIBC_2.2.5
1174 16 1 1 0 0 0 10 1 1
1175 4 0 0 0 0 0 0 0 0
1176 12 0 0 0 0 0 0 0 0
1180 6 1 1 2 0 0 0 0 0
1181 6 0 0 2 0 0 2 0 0
1182 4 0 0 0 0 0 0 0 0
1187 2 0 0 0 0 0 0 0 0
1188 2 0 0 0 0 0 0 0 0
1190 6 0 0 0 0 0 0 0 0
1191 6 0 0 2 2 1 0 0 0
1194 12 0 0 12 0 0 0 0 0
fn=_IO_file_xsputn@@GLIBC_2.2.5
444 2 1 1 0 0 0 0 0 0
446 2 0 0 0 0 0 0 0 0
1198 18 1 1 0 0 0 12 1 1
1200 1 1 1 0 0 0 0 0 0
1204 8 1 1 0 0 0 0 0 0
1205 2 0 0 0 0 0 0 0 0
1211 8 0 0 2 0 0 0 0 0
1213 6 0 0 3 0 0 0 0 0
1214 2 0 0 0 0 0 0 0 0
1217 3 1 1 0 0 0 0 0 0
1219 3 0 0 1 0 0 0 0 0
1221 1 0 0 0 0 0 0 0 0
1228 3 0 0 1 0 0 0 0 0
1232 3 0 0 0 0 0 0 0 0
1234 2 0 0 0 0 0 0 0 0
1236 5 0 0 0 0 0 3 0 0
1237 1 0 0 0 0 0 0 0 0
1238 3 0 0 1 0 0 0 0 0
1240 2 0 0 0 0 0 0 0 0
1244 12 0 0 4 0 0 2 0 0
1250 4 0 0 4 0 0 0 0 0
1251 10 1 1 0 0 0 0 0 0
1253 6 0 0 0 0 0 0 0 0
1264 4 0 0 0 0 0 0 0 0
1265 4 0 0 0 0 0 1 0 0
1267 3 0 0 0 0 0 0 0 0
1268 18 1 1 14 0 0 0 0 0
fl=./libio/./libio/genops.c
fn=_IO_cleanup
776 6 0 0 0 0 0 3 0 0
777 10 2 2 5 0 0 2 0 0
780 13 1 1 4 0 0 0 0 0
784 3 0 0 0 0 0 3 0 0
785 36 2 2 15 0 0 6 0 0
792 7 0 0 0 0 0 0 0 0
794 6 0 0 2 0 0 0 0 0
796 4 1 1 1 0 0 0 0 0
798 2 0 0 0 0 0 1 0 0
800 3 0 0 2 0 0 1 0 0
801 1 0 0 0 0 0 1 0 0
805 5 0 0 2 0 0 1 0 0
807 3 0 0 1 0 0 0 0 0
814 3 0 0 0 0 0 3 0 0
816 30 2 2 7 0 0 6 0 0
817 3 1 1 0 0 0 3 0 0
821 7 0 0 2 0 0 2 0 0
822 2 0 0 0 0 0 1 0 0
842 12 2 2 1 0 0 7 0 0
843 2 0 0 0 0 0 1 0 0
855 12 1 1 9 0 0 0 0 0
fn=_IO_default_setbuf
330 5 0 0 1 0 0 0 0 0
332 1 0 0 0 0 0 1 0 0
333 1 0 0 0 0 0 1 0 0
337 2 0 0 0 0 0 1 0 0
452 10 1 1 0 0 0 5 0 0
453 5 1 1 2 0 0 1 0 0
455 4 0 0 0 0 0 0 0 0
457 3 1 1 1 0 0 1 0 0
458 2 1 1 0 0 0 0 0 0
462 1 0 0 0 0 0 0 0 0
466 4 0 0 0 0 0 3 0 0
467 1 0 0 0 0 0 0 0 0
468 6 0 0 6 0 0 0 0 0
fn=_IO_default_xsputn
371 11 1 1 0 0 0 7 0 0
373 2 0 0 0 0 0 0 0 0
374 4 0 0 0 0 0 0 0 0
375 1 1 1 1 0 0 0 0 0
379 88 1 1 44 0 0 0 0 0
399 212 1 1 63 0 0 21 0 0
401 21 0 0 0 0 0 0 0 0
404 8 0 0 7 0 0 0 0 0
fn=_IO_doallocbuf
343 8 1 1 0 0 0 4 0 0
344 2 0 0 1 0 0 0 0 0
346 3 0 0 1 0 0 0 0 0
347 5 1 1 2 1 0 1 0 0
350 6 1 1 5 0 0 0 0 0
fn=_IO_flush_all
686 12 1 1 1 0 0 7 0 0
687 3 1 1 0 0 0 0 0 0
691 6 1 1 0 0 0 3 0 0
692 9 2 2 4 1 1 2 0 0
695 12 0 0 4 1 1 0 0 0
697 3 1 1 0 0 0 3 0 0
698 36 1 1 15 4 4 6 0 0
700 21 2 2 9 4 4 0 0 0
708 33 2 2 12 0 0 6 0 0
709 3 0 0 0 0 0 3 0 0
713 7 2 2 2 0 0 2 0 0
714 2 0 0 0 0 0 1 0 0
718 12 0 0 9 0 0 0 0 0
fn=_IO_setb
329 11 2 2 0 0 0 5 0 0
330 4 0 0 2 0 0 0 0 0
332 1 0 0 0 0 0 1 0 0
333 1 0 0 0 0 0 1 0 0
335 6 0 0 0 0 0 1 0 0
338 6 0 0 6 0 0 0 0 0
fl=./libio/./libio/libioP.h
fn=_IO_cleanup
1025 3 1 1 0 0 0 0 0 0
1026 2 0 0 0 0 0 0 0 0
fn=_IO_default_setbuf
1025 3 0 0 0 0 0 0 0 0
1026 2 0 0 0 0 0 0 0 0
fn=_IO_default_xsputn
1025 43 0 0 0 0 0 0 0 0
1026 42 0 0 0 0 0 0 0 0
fn=_IO_do_write@@GLIBC_2.2.5
1025 6 1 1 0 0 0 0 0 0
1026 4 0 0 0 0 0 0 0 0
fn=_IO_doallocbuf
1025 3 0 0 0 0 0 0 0 0
1026 2 0 0 0 0 0 0 0 0
fn=_IO_file_doallocate
1025 3 0 0 0 0 0 0 0 0
1026 2 0 0 0 0 0 0 0 0
fn=_IO_file_xsputn@@GLIBC_2.2.5
1025 6 0 0 0 0 0 0 0 0
1026 4 0 0 0 0 0 0 0 0
fn=_IO_flush_all
1025 2 0 0 0 0 0 0 0 0
fl=./libio/./libio/vtables.c
fn=check_stdfiles_vtables
545 1 1 1 0 0 0 0 0 0
546 4 0 0 2 2 0 0 0 0
547 3 1 1 2 1 0 0 0 0
548 3 0 0 2 1 0 0 0 0
550 1 0 0 1 0 0 0 0 0
fl=./malloc/../string/bits/string_fortified.h
fn=tcache_init.part.0
59 88 1 1 0 0 0 81 9 9
fl=./malloc/../sysdeps/unix/sysv/linux/not-cancel.h
fn=ptmalloc_init.part.0
97 6 1 1 0 0 0 0 0 0
fl=./malloc/./malloc/arena.c
fn=free
153 3 0 0 0 0 0 0 0 0
fn=malloc
153 6 0 0 0 0 0 0 0 0
264 1 1 1 0 0 0 1 0 0
fn=ptmalloc_init.part.0
262 8 1 1 1 0 0 4 0 0
267 1 0 0 0 0 0 1 0 0
292 2 1 1 1 0 0 0 0 0
296 3 0 0 1 1 0 1 0 0
300 4 0 0 0 0 0 1 0 0
301 4 1 1 0 0 0 1 0 0
302 4 0 0 0 0 0 1 0 0
303 4 0 0 0 0 0 1 0 0
304 4 1 1 0 0 0 1 0 0
305 4 0 0 0 0 0 1 0 0
306 4 0 0 0 0 0 1 0 0
308 4 1 1 0 0 0 1 0 0
309 4 0 0 0 0 0 1 0 0
310 4 0 0 0 0 0 1 0 0
313 4 0 0 0 0 0 1 0 0
314 4 1 1 0 0 0 1 0 0
316 2 0 0 1 1 1 0 0 0
326 8 0 0 6 0 0 0 0 0
fl=./malloc/./malloc/malloc.c
fn=_int_free
3163 2 1 1 1 0 0 1 0 0
3165 4 0 0 1 1 1 1 0 0
3166 1 0 0 0 0 0 1 0 0
3167 2 0 0 0 0 0 1 0 0
4495 7 1 1 0 0 0 4 0 0
4499 3 1 1 1 0 0 0 0 0
4505 4 0 0 0 0 0 0 0 0
4506 2 0 0 0 0 0 0 0 0
4510 5 0 0 0 0 0 0 0 0
4517 2 0 0 0 0 0 0 0 0
4518 6 1 1 3 1 1 0 0 0
4521 1 0 0 0 0 0 0 0 0
4527 3 0 0 2 1 1 0 0 0
4547 5 1 1 2 1 1 0 0 0
4550 1 0 0 0 0 0 0 0 0
4658 6 1 1 5 0 0 0 0 0
fn=_int_malloc
1326 8 0 0 0 0 0 0 0 0
1345 24 0 0 0 0 0 0 0 0
1794 4 1 1 4 0 0 0 0 0
2008 8 1 1 2 0 0 0 0 0
2017 2 1 1 2 0 0 0 0 0
2552 12 1 1 4 0 0 4 0 0
2553 1 1 1 0 0 0 1 0 0
2564 4 1 1 2 0 0 0 0 0
2565 3 0 0 2 0 0 0 0 0
2568 4 0 0 1 0 0 0 0 0
2576 6 0 0 1 0 0 2 0 0
2577 2 0 0 0 0 0 0 0 0
2589 4 0 0 1 0 0 1 0 0
2590 2 0 0 0 0 0 1 0 0
2599 4 1 1 0 0 0 0 0 0
2608 3 1 1 0 0 0 0 0 0
2669 3 1 1 1 0 0 1 0 0
2677 2 0 0 1 0 0 0 0 0
2678 3 0 0 1 0 0 1 0 0
2691 3 1 1 1 0 0 0 0 0
2693 1 0 0 1 0 0 0 0 0
2699 5 0 0 1 0 0 1 0 0
2707 2 0 0 0 0 0 0 0 0
2709 4 2 2 0 0 0 2 0 0
2710 3 0 0 1 0 0 0 0 0
2711 1 0 0 0 0 0 0 0 0
2712 1 0 0 0 0 0 0 0 0
2715 2 0 0 0 0 0 0 0 0
2744 3 0 0 1 1 1 0 0 0
2745 1 1 1 0 0 0 1 0 0
2746 2 0 0 0 0 0 1 0 0
2752 8 0 0 1 0 0 0 0 0
2755 4 1 1 2 0 0 0 0 0
2782 2 0 0 0 0 0 0 0 0
2783 1 0 0 0 0 0 0 0 0
2795 3 1 1 0 0 0 0 0 0
2814 2 0 0 1 0 0 0 0 0
2817 2 0 0 0 0 0 0 0 0
2818 6 1 1 1 0 0 0 0 0
2820 1 0 0 0 0 0 0 0 0
2821 6 0 0 0 0 0 4 0 0
2833 5 0 0 3 0 0 0 0 0
2873 1 0 0 0 0 0 0 0 0
2875 1 0 0 0 0 0 1 0 0
2876 5 0 0 0 0 0 1 1 1
2877 1 0 0 1 0 0 0 0 0
2888 3 1 1 1 0 0 0 0 0
2921 3 1 1 2 0 0 0 0 0
2922 1 0 0 0 0 0 1 0 0
2926 1 0 0 1 0 0 0 0 0
2930 5 1 1 2 0 0 0 0 0
2932 1 0 0 0 0 0 0 0 0
2933 1 0 0 0 0 0 0 0 0
2934 1 0 0 0 0 0 1 0 0
2935 7 0 0 0 0 0 1 0 0
2936 2 0 0 0 0 0 1 1 1
2938 1 0 0 0 0 0 0 0 0
3846 44 2 2 4 0 0 28 1 1
3882 1 0 0 0 0 0 0 0 0
3887 8 0 0 0 0 0 0 0 0
3914 8 0 0 0 0 0 0 0 0
3916 4 0 0 0 0 0 0 0 0
3919 1 0 0 1 1 1 0 0 0
3921 2 0 0 0 0 0 0 0 0
3930 3 2 2 0 0 0 0 0 0
3977 6 1 1 0 0 0 0 0 0
3979 8 0 0 0 0 0 0 0 0
3980 4 1 1 0 0 0 0 0 0
3982 6 0 0 2 1 1 0 0 0
4039 32 1 1 0 0 0 0 0 0
4040 6 0 0 2 0 0 0 0 0
4058 10 0 0 3 0 0 0 0 0
4059 12 0 0 0 0 0 4 1 1
4060 12 1 1 8 0 0 0 0 0
4070 21 2 2 4 1 1 4 0 0
4257 12 1 1 0 0 0 0 0 0
4259 8 0 0 0 0 0 0 0 0
4262 6 0 0 2 0 0 0 0 0
4263 4 1 1 0 0 0 0 0 0
4330 4 0 0 0 0 0 0 0 0
4331 8 0 0 0 0 0 0 0 0
4332 8 0 0 0 0 0 0 0 0
4333 8 0 0 4 1 1 0 0 0
4334 24 0 0 0 0 0 0 0 0
4339 16 1 1 0 0 0 0 0 0
4343 29 1 1 0 0 0 0 0 0
4346 24 1 1 6 0 0 0 0 0
4443 4 1 1 4 0 0 0 0 0
4444 8 0 0 4 1 1 0 0 0
4446 8 0 0 4 1 1 0 0 0
4449 12 0 0 0 0 0 0 0 0
4451 2 0 0 0 0 0 0 0 0
4452 4 0 0 0 0 0 0 0 0
4453 2 0 0 0 0 0 2 0 0
4454 16 1 1 0 0 0 2 0 0
4456 4 0 0 0 0 0 2 2 2
4459 4 0 0 0 0 0 0 0 0
4460 12 1 1 0 0 0 4 1 1
4461 4 0 0 0 0 0 0 0 0
4466 8 0 0 2 0 0 2 0 0
4482 3 0 0 0 0 0 0 0 0
4487 48 2 2 36 0 0 0 0 0
fn=alloc_perturb
1985 12 1 1 4 0 0 0 0 0
1987 4 0 0 4 0 0 0 0 0
fn=free
3359 14 2 2 0 0 0 8 0 0
3363 4 0 0 0 0 0 0 0 0
3371 4 0 0 4 0 0 0 0 0
3373 2 0 0 0 0 0 0 0 0
3375 6 0 0 2 1 1 0 0 0
3379 3 1 1 1 0 0 0 0 0
3381 4 0 0 1 1 1 0 0 0
3388 2 0 0 0 0 0 1 0 0
3392 3 0 0 2 2 2 0 0 0
3398 3 1 1 0 0 0 1 0 0
3401 2 0 0 0 0 0 2 0 0
3402 12 1 1 10 0 0 0 0 0
fn=malloc
1326 6 0 0 0 0 0 0 0 0
1345 15 1 1 0 0 0 0 0 0
3248 4 1 1 2 0 0 1 0 0
3294 24 1 1 0 0 0 12 1 1
3301 6 0 0 3 2 2 0 0 0
3311 6 0 0 0 0 0 0 0 0
3313 12 0 0 6 2 2 0 0 0
3316 6 1 1 3 1 1 0 0 0
3317 4 0 0 1 0 0 0 0 0
3318 6 0 0 2 1 1 0 0 0
3326 6 1 1 3 1 1 0 0 0
3328 12 1 1 0 0 0 3 0 0
3329 15 1 1 3 0 0 0 0 0
3354 18 0 0 15 0 0 0 0 0
fn=munmap_chunk
3024 2 1 1 0 0 0 1 0 0
3025 2 0 0 2 1 1 0 0 0
3026 3 0 0 1 0 0 0 0 0
3028 2 0 0 0 0 0 0 0 0
3030 1 0 0 0 0 0 0 0 0
3031 3 0 0 1 0 0 0 0 0
3032 1 0 0 0 0 0 0 0 0
3038 4 0 0 0 0 0 0 0 0
3039 5 1 1 0 0 0 0 0 0
3042 1 0 0 2 0 0 0 0 0
3043 3 0 0 2 0 0 0 0 0
3048 2 0 0 0 0 0 0 0 0
3049 1 0 0 1 0 0 0 0 0
fn=ptmalloc_init.part.0
1946 385 1 1 0 0 0 0 0 0
1949 381 0 0 0 0 0 127 32 32
1957 1 0 0 0 0 0 1 0 0
1958 1 0 0 0 0 0 1 1 1
1960 1 0 0 0 0 0 1 0 0
3143 2 0 0 0 0 0 0 0 0
fn=sysmalloc_mmap.isra.0
2008 4 0 0 1 0 0 0 0 0
2400 6 1 1 0 0 0 4 0 0
2413 3 0 0 0 0 0 0 0 0
2418 2 0 0 0 0 0 0 0 0
2421 10 1 1 0 0 0 1 0 0
2424 2 1 1 0 0 0 0 0 0
2428 2 0 0 0 0 0 0 0 0
2432 4 0 0 0 0 0 1 0 0
2448 3 0 0 0 0 0 0 0 0
2466 1 0 0 0 0 0 1 1 1
2467 3 1 1 0 0 0 1 0 0
2471 3 0 0 2 0 0 0 0 0
2472 5 0 0 2 0 0 0 0 0
2475 3 1 1 2 0 0 0 0 0
2476 5 0 0 2 0 0 0 0 0
2481 7 0 0 5 0 0 0 0 0
fn=tcache_init.part.0
3242 4 1 1 0 0 0 2 0 0
3251 8 0 0 3 0 0 0 0 0
3252 3 1 1 0 0 0 1 0 0
3253 2 0 0 0 0 0 0 0 0
3261 4 0 0 2 0 0 0 0 0
3270 2 0 0 1 0 0 1 0 0
3274 3 0 0 3 0 0 0 0 0
fl=./malloc/./malloc/morecore.c
fn=__glibc_morecore
25 6 1 1 0 0 0 2 0 0
26 4 0 0 2 0 0 0 0 0
29 2 0 0 0 0 0 2 0 0
30 4 0 0 0 0 0 0 0 0
34 4 0 0 4 0 0 0 0 0
fl=./malloc/./malloc/scratch_buffer_set_array_size.c
fn=__libc_scratch_buffer_set_array_size
30 26 1 1 0 0 0 8 0 0
34 2 0 0 0 0 0 0 0 0
35 4 0 0 0 0 0 0 0 0
45 4 0 0 2 0 0 0 0 0
46 2 0 0 0 0 0 0 0 0
63 12 1 1 10 0 0 0 0 0
fl=./misc/../sysdeps/unix/syscall-template.S
fn=mprotect
117 20 2 2 0 0 0 0 0 0
122 4 0 0 4 0 0 0 0 0
fn=munmap
117 10 2 2 0 0 0 0 0 0
122 2 0 0 2 0 0 0 0 0
fl=./misc/../sysdeps/unix/sysv/linux/brk.c
fn=brk
36 2 1 1 0 0 0 0 0 0
37 4 0 0 2 0 0 2 0 0
38 4 0 0 0 0 0 0 0 0
44 2 0 0 0 0 0 0 0 0
45 2 0 0 2 0 0 0 0 0
fl=./misc/../sysdeps/unix/sysv/linux/brk_call.h
fn=brk
24 4 0 0 0 0 0 0 0 0
fl=./misc/../sysdeps/unix/sysv/linux/mmap64.c
fn=mmap
47 91 2 2 0 0 0 39 2 1
50 26 0 0 0 0 0 0 0 0
53 60 2 2 2 0 0 0 0 0
58 78 1 1 0 0 0 0 0 0
60 52 0 0 52 0 0 0 0 0
fl=./misc/../sysdeps/unix/sysv/linux/setvmaname.c
fn=__set_vma_name
33 18 4 4 0 0 0 8 1 1
35 12 0 0 5 1 1 1 0 0
40 14 0 0 2 0 0 2 0 0
47 2 1 1 0 0 0 2 0 0
48 1 0 0 0 0 0 0 0 0
49 18 1 1 12 0 0 0 0 0
fl=./misc/./misc/init-misc.c
fn=__init_misc
30 5 1 1 0 0 0 3 0 0
31 6 0 0 1 0 0 0 0 0
33 3 1 1 0 0 0 1 0 0
37 5 0 0 1 0 0 1 1 0
38 3 0 0 2 0 0 1 0 0
40 4 0 0 4 0 0 0 0 0
fl=./misc/./misc/sbrk.c
fn=sbrk
37 16 1 1 0 0 0 8 0 0
40 4 0 0 4 0 0 0 0 0
43 4 1 1 2 0 0 0 0 0
58 4 0 0 0 0 0 0 0 0
59 4 1 1 0 0 0 1 0 0
62 4 0 0 0 0 0 0 0 0
63 2 0 0 1 0 0 0 0 0
66 4 1 1 0 0 0 0 0 0
74 3 0 0 0 0 0 1 0 0
78 14 0 0 10 0 0 0 0 0
fl=./nptl/../sysdeps/unix/sysv/linux/x86/elision-conf.c
fn=__lll_elision_init
92 8 1 1 1 0 0 3 0 0
96 5 1 1 0 0 0 1 0 0
98 4 0 0 0 0 0 1 0 0
100 4 0 0 0 0 0 1 0 0
102 4 0 0 0 0 0 1 0 0
104 4 1 1 0 0 0 1 0 0
107 3 0 0 1 1 1 0 0 0
108 1 0 0 0 0 0 1 1 1
109 6 0 0 5 0 0 0 0 0
fl=./nptl/./nptl/alloca_cutoff.c
fn=__libc_alloca_cutoff
27 2 1 1 0 0 0 0 0 0
28 18 1 1 2 1 1 0 0 0
35 2 0 0 2 0 0 0 0 0
fl=./nptl/./nptl/libc-cleanup.c
fn=__libc_cleanup_pop_restore
54 2 0 0 0 0 0 0 0 0
55 2 0 0 2 0 0 0 0 0
57 4 0 0 2 0 0 2 0 0
59 2 0 0 2 0 0 0 0 0
60 6 1 1 2 0 0 0 0 0
71 2 0 0 2 0 0 0 0 0
fn=__libc_cleanup_push_defer
24 2 1 1 0 0 0 0 0 0
25 2 0 0 2 0 0 0 0 0
27 4 0 0 2 0 0 2 0 0
29 4 0 0 2 1 1 0 0 0
32 4 0 0 0 0 0 0 0 0
46 6 1 1 0 0 0 2 0 0
48 2 0 0 0 0 0 2 0 0
49 2 0 0 2 0 0 0 0 0
fl=./nptl/./nptl/pthread_mutex_conf.c
fn=__pthread_tunables_init
55 8 1 1 1 0 0 3 0 0
56 5 1 1 0 0 0 1 0 0
58 4 0 0 0 0 0 1 0 0
60 4 0 0 0 0 0 1 0 0
62 6 1 1 5 0 0 0 0 0
fl=./nptl/./nptl/pthread_mutex_lock.c
fn=pthread_mutex_lock@@GLIBC_2.2.5
44 1 1 1 1 0 0 0 0 0
45 7 0 0 2 0 0 0 0 0
46 1 0 0 0 0 0 1 0 0
77 5 1 1 0 0 0 2 0 0
80 3 0 0 1 0 0 0 0 0
82 1 0 0 0 0 0 0 0 0
84 2 1 1 0 0 0 0 0 0
88 2 0 0 0 0 0 0 0 0
97 2 1 1 0 0 0 0 0 0
108 4 1 1 1 0 0 0 0 0
112 1 0 0 1 1 1 0 0 0
115 2 0 0 1 0 0 0 0 0
124 1 0 0 0 0 0 0 0 0
130 3 0 0 1 0 0 0 0 0
131 2 1 1 0 0 0 1 0 0
179 1 1 1 1 0 0 0 0 0
182 1 0 0 0 0 0 1 0 0
184 1 0 0 1 0 0 0 0 0
187 1 0 0 0 0 0 0 0 0
190 3 0 0 3 0 0 0 0 0
fl=./nptl/./nptl/pthread_mutex_unlock.c
fn=pthread_mutex_unlock@@GLIBC_2.2.5
39 1 0 0 1 0 0 0 0 0
40 4 0 0 1 0 0 0 0 0
41 1 0 0 0 0 0 1 0 0
51 3 0 0 1 0 0 0 0 0
52 2 1 1 0 0 0 0 0 0
57 2 0 0 0 0 0 0 0 0
62 1 0 0 0 0 0 1 0 0
65 1 0 0 1 0 0 0 0 0
70 1 0 0 0 0 0 0 0 0
72 1 0 0 0 0 0 0 0 0
74 2 1 1 0 0 0 0 0 0
80 4 1 1 1 0 0 0 0 0
84 3 0 0 2 0 0 0 0 0
87 2 0 0 1 0 0 0 0 0
367 4 1 1 0 0 0 1 0 0
369 2 0 0 2 0 0 0 0 0
fl=./posix/../malloc/dynarray-skeleton.c
fn=__unregister_atfork
243 2 0 0 2 1 1 0 0 0
fl=./posix/../sysdeps/unix/sysv/linux/_exit.c
fn=_Exit
27 2 1 1 1 0 0 0 0 0
30 4 0 0 0 0 0 0 0 0
fl=./posix/./posix/register-atfork.c
fn=__unregister_atfork
71 4 1 1 0 0 0 0 0 0
82 12 1 1 0 0 0 4 0 0
83 8 0 0 2 1 1 0 0 0
109 8 1 1 4 0 0 0 0 0
110 6 0 0 6 0 0 0 0 0
fl=./resource/../sysdeps/unix/sysv/linux/getrlimit64.c
fn=getrlimit
38 2 1 1 0 0 0 0 0 0
39 7 0 0 0 0 0 0 0 0
40 1 0 0 1 0 0 0 0 0
fl=./setjmp/../sysdeps/x86_64/bsd-_setjmp.S
fn=_setjmp
28 1 1 1 0 0 0 0 0 0
30 1 0 0 0 0 0 0 0 0
32 1 0 0 0 0 0 0 0 0
fl=./setjmp/../sysdeps/x86_64/setjmp.S
fn=__sigsetjmp
31 4 2 2 0 0 0 0 0 0
33 4 0 0 0 0 0 4 0 0
42 4 0 0 0 0 0 0 0 0
43 8 0 0 4 0 0 0 0 0
44 4 0 0 0 0 0 4 0 0
48 4 0 0 0 0 0 4 0 0
49 4 0 0 0 0 0 4 0 0
50 4 0 0 0 0 0 4 0 0
51 4 0 0 0 0 0 4 0 0
52 4 0 0 0 0 0 0 0 0
54 8 1 1 4 0 0 0 0 0
56 4 0 0 0 0 0 4 1 1
57 4 1 1 4 0 0 0 0 0
58 4 0 0 0 0 0 0 0 0
60 8 0 0 4 0 0 0 0 0
62 4 0 0 0 0 0 4 0 0
67 1 0 0 1 1 0 0 0 0
68 1 0 0 0 0 0 0 0 0
70 3 0 0 0 0 0 0 0 0
73 3 0 0 0 0 0 0 0 0
74 3 0 0 0 0 0 3 0 0
81 3 0 0 0 0 0 0 0 0
82 3 0 0 3 0 0 0 0 0
85 1 1 1 0 0 0 0 0 0
fl=./setjmp/./setjmp/sigjmp.c
fn=__sigjmp_save
28 6 0 0 0 0 0 2 0 0
29 1 0 0 0 0 0 1 0 0
30 2 0 0 0 0 0 0 0 0
34 4 0 0 3 0 0 0 0 0
fl=./stdio-common/../include/../locale/localeinfo.h
fn=__printf_fp_l_buffer
331 6 1 1 6 3 3 0 0 0
fl=./stdio-common/../include/printf_buffer.h
fn=__printf_buffer
163 12 1 1 0 0 0 0 0 0
fn=__printf_buffer_to_file_init
124 4 0 0 0 0 0 2 0 0
127 2 0 0 0 0 0 2 2 1
128 2 0 0 0 0 0 2 0 0
137 4 0 0 0 0 0 2 0 0
fn=__printf_fp_buffer_1.isra.0
163 12 1 1 6 0 0 0 0 0
164 4 0 0 0 0 0 1 0 0
fl=./stdio-common/../include/rounding-mode.h
fn=__printf_fp_buffer_1.isra.0
52 6 1 1 0 0 0 0 0 0
58 2 0 0 0 0 0 0 0 0
fl=./stdio-common/../libio/libioP.h
fn=__printf_buffer_to_file_done
1025 6 0 0 0 0 0 0 0 0
1026 4 1 1 0 0 0 0 0 0
fl=./stdio-common/../string/bits/string_fortified.h
fn=__printf_buffer_pad_1
59 3 0 0 0 0 0 1 0 0
fn=__printf_buffer_write
29 36 0 0 0 0 0 12 2 1
fn=__printf_fp_buffer_1.isra.0
29 8 1 1 4 0 0 4 0 0
fl=./stdio-common/../sysdeps/generic/get-rounding-mode.h
fn=__printf_fp_buffer_1.isra.0
94 2 1 1 0 0 0 2 0 0
95 14 1 1 2 0 0 0 0 0
fl=./stdio-common/../sysdeps/pthread/allocalim.h
fn=__printf_fp_buffer_1.isra.0
27 4 0 0 0 0 0 2 0 0
29 10 0 0 0 0 0 2 0 0
fl=./stdio-common/./stdio-common/Xprintf_buffer_done.c
fn=__printf_buffer_done
25 2 1 1 0 0 0 0 0 0
26 6 0 0 2 0 0 0 0 0
31 4 1 1 4 0 0 0 0 0
33 24 0 0 2 0 0 0 0 0
40 2 0 0 2 0 0 0 0 0
fl=./stdio-common/./stdio-common/Xprintf_buffer_pad_1.c
fn=__printf_buffer_pad_1
24 9 2 2 0 0 0 5 0 0
25 3 0 0 1 0 0 0 0 0
33 5 1 1 2 0 0 0 0 0
36 1 0 0 0 0 0 0 0 0
37 2 0 0 0 0 0 0 0 0
39 1 0 0 0 0 0 0 0 0
40 3 0 0 1 0 0 1 0 0
43 2 0 0 0 0 0 0 0 0
44 6 1 1 6 0 0 0 0 0
fl=./stdio-common/./stdio-common/Xprintf_buffer_write.c
fn=__printf_buffer_write
27 96 1 1 0 0 0 60 0 0
28 36 0 0 12 0 0 0 0 0
31 72 0 0 0 0 0 0 0 0
33 60 1 1 24 0 0 0 0 0
36 12 0 0 0 0 0 0 0 0
37 24 0 0 0 0 0 0 0 0
40 36 0 0 12 0 0 12 0 0
41 12 0 0 0 0 0 0 0 0
44 72 1 1 72 0 0 0 0 0
fl=./stdio-common/./stdio-common/_itoa.c
fn=_itoa_word
169 3 1 1 0 0 0 0 0 0
172 12 1 1 0 0 0 0 0 0
174 6 0 0 0 0 0 0 0 0
183 188 2 2 13 2 2 13 0 0
192 6 0 0 3 0 0 0 0 0
fl=./stdio-common/./stdio-common/printf-parse.h
fn=__printf_buffer
53 3 0 0 1 0 0 1 0 0
55 13 4 4 2 0 0 0 0 0
65 2 0 0 0 0 0 0 0 0
82 30 1 1 0 0 0 9 2 1
fl=./stdio-common/./stdio-common/printf_buffer_to_file.c
fn=__printf_buffer_to_file_done
51 8 0 0 6 0 0 0 0 0
53 8 1 1 2 0 0 0 0 0
58 6 1 1 0 0 0 0 0 0
59 12 0 0 6 2 1 2 0 0
65 4 0 0 0 0 0 2 0 0
66 2 0 0 0 0 0 0 0 0
117 16 0 0 0 0 0 8 0 0
118 6 0 0 2 0 0 0 0 0
121 4 0 0 0 0 0 0 0 0
122 10 1 1 8 0 0 0 0 0
fn=__printf_buffer_to_file_init
108 2 1 1 0 0 0 0 0 0
109 4 1 1 0 0 0 0 0 0
111 2 0 0 0 0 0 2 0 0
112 2 0 0 0 0 0 0 0 0
fn=__printf_buffer_to_file_switch
29 4 1 1 0 0 0 0 0 0
30 20 0 0 12 0 0 0 0 0
40 4 0 0 0 0 0 0 0 0
41 4 0 0 0 0 0 0 0 0
44 16 0 0 0 0 0 8 0 0
45 4 0 0 4 0 0 0 0 0
fl=./stdio-common/./stdio-common/printf_fp.c
fn=__printf_fp_buffer_1.isra.0
91 15 1 1 5 0 0 0 0 0
93 15 0 0 5 0 0 0 0 0
95 10 0 0 10 0 0 0 0 0
101 10 0 0 0 0 0 0 0 0
105 35 1 1 10 0 0 5 0 0
107 20 0 0 15 0 0 5 0 0
108 5 0 0 5 0 0 0 0 0
110 10 0 0 5 0 0 5 0 0
111 25 1 1 10 0 0 0 0 0
118 5 0 0 0 0 0 0 0 0
122 15 0 0 0 0 0 5 0 0
123 10 0 0 0 0 0 0 0 0
124 25 1 1 10 0 0 10 0 0
138 36 2 2 2 0 0 26 4 4
159 16 1 1 2 0 0 2 0 0
177 2 0 0 0 0 0 2 0 0
187 2 0 0 0 0 0 2 1 1
221 4 0 0 0 0 0 0 0 0
222 2 0 0 0 0 0 2 0 0
226 6 1 1 2 0 0 0 0 0
230 34 3 3 6 2 2 2 1 1
234 2 0 0 0 0 0 0 0 0
266 10 2 2 2 0 0 0 0 0
267 2 0 0 0 0 0 0 0 0
268 4 0 0 0 0 0 0 0 0
271 34 1 1 2 0 0 2 0 0
272 32 1 1 2 0 0 2 0 0
273 32 2 2 2 1 1 2 0 0
279 2 0 0 0 0 0 2 0 0
280 4 0 0 0 0 0 0 0 0
283 2 0 0 0 0 0 0 0 0
293 2 0 0 0 0 0 0 0 0
294 14 1 1 0 0 0 2 0 0
297 6 0 0 0 0 0 0 0 0
301 8 0 0 0 0 0 0 0 0
305 8 0 0 0 0 0 2 1 1
306 2 0 0 0 0 0 0 0 0
308 12 1 1 0 0 0 0 0 0
309 18 1 1 4 0 0 2 0 0
310 4 0 0 0 0 0 0 0 0
311 14 1 1 6 0 0 4 0 0
313 4 1 1 0 0 0 0 0 0
318 26 0 0 0 0 0 0 0 0
322 154 1 1 50 5 5 0 0 0
324 12 1 1 2 0 0 0 0 0
327 6 0 0 4 0 0 0 0 0
337 4 1 1 4 0 0 0 0 0
368 4 0 0 2 0 0 2 0 0
369 8 0 0 2 1 1 0 0 0
375 12 0 0 4 0 0 2 0 0
377 2 0 0 2 0 0 0 0 0
380 4 0 0 4 0 0 0 0 0
381 4 0 0 0 0 0 0 0 0
382 6 1 1 0 0 0 2 0 0
385 34 1 1 14 0 0 4 0 0
388 8 1 1 2 0 0 2 0 0
389 8 0 0 6 0 0 0 0 0
390 10 0 0 0 0 0 0 0 0
391 8 1 1 0 0 0 0 0 0
394 26 0 0 0 0 0 0 0 0
396 52 0 0 0 0 0 0 0 0
397 4 0 0 2 0 0 2 0 0
403 6 0 0 2 0 0 0 0 0
407 24 2 2 8 0 0 0 0 0
411 8 0 0 2 0 0 0 0 0
413 4 0 0 0 0 0 0 0 0
439 4 1 1 2 0 0 0 0 0
442 16 0 0 0 0 0 0 0 0
458 8 1 1 0 0 0 4 0 0
460 6 0 0 2 0 0 0 0 0
461 12 0 0 6 0 0 2 0 0
463 12 1 1 6 0 0 0 0 0
477 4 0 0 0 0 0 2 0 0
665 6 0 0 4 0 0 2 0 0
674 12 1 1 8 1 1 2 0 0
676 4 0 0 0 0 0 0 0 0
680 4 0 0 2 0 0 2 0 0
686 4 0 0 2 0 0 0 0 0
688 2 1 1 0 0 0 1 0 0
689 2 0 0 0 0 0 0 0 0
692 3 1 1 1 0 0 0 0 0
694 10 2 2 3 0 0 5 0 0
696 2 0 0 0 0 0 1 0 0
706 4 0 0 0 0 0 1 0 0
707 5 2 2 2 0 0 0 0 0
720 1 0 0 0 0 0 1 0 0
721 2 0 0 0 0 0 1 0 0
722 5 0 0 1 0 0 1 0 0
728 3 0 0 1 0 0 1 0 0
731 6 1 1 2 0 0 2 0 0
738 7 0 0 2 0 0 0 0 0
746 6 1 1 2 0 0 2 0 0
759 34 2 2 4 0 0 2 0 0
760 4 0 0 0 0 0 2 0 0
763 6 0 0 2 0 0 0 0 0
766 38 2 2 6 0 0 0 0 0
769 18 0 0 0 0 0 12 0 0
771 2 0 0 0 0 0 2 0 0
773 12 1 1 6 0 0 0 0 0
774 8 1 1 4 0 0 0 0 0
775 6 0 0 2 0 0 2 0 0
787 2 0 0 0 0 0 0 0 0
788 10 1 1 2 0 0 4 0 0
789 11 0 0 2 0 0 2 0 0
790 33 1 1 5 0 0 0 0 0
792 5 0 0 0 0 0 0 0 0
793 5 0 0 0 0 0 5 0 0
794 15 0 0 0 0 0 0 0 0
795 10 0 0 0 0 0 5 0 0
796 3 1 1 1 0 0 0 0 0
805 10 0 0 8 0 0 0 0 0
806 8 1 1 0 0 0 4 0 0
808 14 0 0 2 0 0 0 0 0
809 1 0 0 0 0 0 0 0 0
810 3 0 0 1 0 0 0 0 0
813 2 0 0 1 0 0 0 0 0
830 2 0 0 0 0 0 0 0 0
834 2 1 1 0 0 0 0 0 0
835 5 1 1 1 0 0 0 0 0
840 3 1 1 1 0 0 0 0 0
842 2 0 0 1 0 0 0 0 0
844 2 0 0 0 0 0 1 0 0
855 2 0 0 1 0 0 0 0 0
924 10 1 1 3 0 0 0 0 0
931 2 0 0 0 0 0 0 0 0
935 6 1 1 2 0 0 0 0 0
980 14 1 1 6 0 0 0 0 0
983 4 1 1 0 0 0 2 0 0
987 10 0 0 2 0 0 0 0 0
991 6 0 0 2 0 0 0 0 0
994 8 1 1 2 0 0 2 0 0
996 16 1 1 4 0 0 0 0 0
999 9 1 1 5 0 0 0 0 0
1001 6 0 0 0 0 0 0 0 0
1003 4 1 1 0 0 0 0 0 0
1006 4 0 0 0 0 0 0 0 0
1009 6 0 0 2 0 0 0 0 0
1022 8 1 1 2 0 0 2 0 0
1024 6 0 0 4 0 0 0 0 0
1028 6 1 1 2 0 0 0 0 0
1030 22 0 0 18 0 0 0 0 0
fn=__printf_fp_l_buffer
1099 38 2 2 2 0 0 18 2 2
1102 6 0 0 2 0 0 0 0 0
1111 2 0 0 0 0 0 2 0 0
1112 4 0 0 0 0 0 2 1 1
1115 10 1 1 2 0 0 6 0 0
1116 10 0 0 4 1 1 0 0 0
1117 6 1 1 0 0 0 0 0 0
1122 14 1 1 6 0 0 2 0 0
1126 2 0 0 0 0 0 0 0 0
1147 22 1 1 18 0 0 0 0 0
fn=hack_digit
88 40 0 0 0 0 0 24 0 0
91 24 0 0 8 0 0 0 0 0
93 24 1 1 8 0 0 0 0 0
95 16 0 0 16 0 0 0 0 0
101 16 0 0 0 0 0 0 0 0
105 56 1 1 16 0 0 8 0 0
107 32 1 1 24 0 0 8 0 0
108 8 0 0 8 0 0 0 0 0
110 16 0 0 8 0 0 8 0 0
111 48 0 0 16 0 0 0 0 0
118 16 0 0 0 0 0 0 0 0
122 32 0 0 8 0 0 8 0 0
123 16 0 0 0 0 0 0 0 0
124 30 0 0 12 0 0 12 0 0
128 40 0 0 32 0 0 0 0 0
fl=./stdio-common/./stdio-common/vfprintf-internal.c
fn=__printf_buffer
263 6 0 0 0 0 0 0 0 0
264 6 0 0 0 0 0 0 0 0
266 2 1 1 0 0 0 2 0 0
600 30 1 1 0 0 0 16 3 2
627 10 1 1 6 2 2 4 0 0
631 2 0 0 0 0 0 2 0 0
634 2 0 0 0 0 0 2 0 0
638 8 0 0 4 0 0 4 2 2
642 2 0 0 0 0 0 2 2 1
653 6 0 0 0 0 0 2 0 0
654 4 0 0 0 0 0 0 0 0
655 6 0 0 2 0 0 0 0 0
659 4 0 0 2 0 0 0 0 0
663 16 1 1 6 2 2 2 0 0
683 5 0 0 0 0 0 5 0 0
684 5 1 1 0 0 0 5 0 0
685 5 0 0 0 0 0 5 0 0
686 5 0 0 0 0 0 5 0 0
687 5 0 0 0 0 0 0 0 0
690 10 0 0 0 0 0 0 0 0
691 5 0 0 0 0 0 0 0 0
692 5 0 0 0 0 0 0 0 0
693 5 0 0 0 0 0 0 0 0
694 5 0 0 0 0 0 5 0 0
695 5 0 0 0 0 0 0 0 0
698 5 0 0 0 0 0 5 0 0
699 5 0 0 0 0 0 5 0 0
705 70 3 3 15 5 5 0 0 0
709 1 1 1 0 0 0 0 0 0
726 1 1 1 0 0 0 0 0 0
744 4 0 0 4 2 2 0 0 0
784 3 1 1 3 0 0 0 0 0
800 2 2 2 1 0 0 0 0 0
807 2 0 0 0 0 0 0 0 0
810 12 0 0 2 1 1 0 0 0
813 1 0 0 0 0 0 0 0 0
814 3 0 0 1 0 0 0 0 0
840 3 0 0 0 0 0 0 0 0
855 13 1 1 2 1 1 0 0 0
870 3 1 1 0 0 0 0 0 0
871 51 0 0 9 2 2 0 0 0
876 3 1 1 0 0 0 0 0 0
883 3 1 1 0 0 0 0 0 0
891 4 1 1 0 0 0 0 0 0
973 10 1 1 2 0 0 2 0 0
976 68 2 2 14 0 0 12 1 1
996 22 1 1 6 0 0 4 0 0
997 4 0 0 0 0 0 2 0 0
1001 2 0 0 0 0 0 0 0 0
1018 5 0 0 5 0 0 0 0 0
1024 5 1 1 0 0 0 0 0 0
1028 15 1 1 0 0 0 5 0 0
1029 10 0 0 0 0 0 0 0 0
1031 19 0 0 8 0 0 0 0 0
1044 22 1 1 18 0 0 0 0 0
fn=__vfprintf_internal
1522 26 1 1 0 0 0 12 2 1
1525 13 1 1 4 0 0 3 0 0
1529 10 0 0 2 2 2 0 0 0
1540 4 0 0 2 2 1 0 0 0
1543 8 1 1 0 0 0 2 1 1
1544 10 0 0 0 0 0 2 0 0
1545 6 2 2 0 0 0 2 0 0
1567 22 1 1 18 0 0 0 0 0
fl=./stdio-common/./stdio-common/vfprintf-process-arg.c
fn=__printf_buffer
66 3 1 1 0 0 0 3 0 0
67 3 0 0 0 0 0 0 0 0
92 3 0 0 0 0 0 0 0 0
93 3 0 0 0 0 0 3 0 0
94 3 0 0 0 0 0 3 0 0
126 6 1 1 0 0 0 0 0 0
127 21 0 0 6 0 0 3 0 0
136 9 1 1 0 0 0 0 0 0
138 6 0 0 0 0 0 0 0 0
155 45 1 1 6 0 0 21 0 0
161 27 1 1 6 0 0 6 0 0
166 18 1 1 12 0 0 3 0 0
170 6 1 1 0 0 0 3 0 0
186 15 1 1 0 0 0 0 0 0
187 27 2 2 9 0 0 0 0 0
195 15 0 0 0 0 0 0 0 0
197 9 0 0 3 0 0 0 0 0
199 12 2 2 3 0 0 0 0 0
201 21 1 1 6 0 0 3 0 0
206 6 0 0 0 0 0 0 0 0
208 12 1 1 6 0 0 0 0 0
211 6 0 0 3 0 0 0 0 0
224 6 0 0 0 0 0 0 0 0
233 6 1 1 0 0 0 0 0 0
236 6 0 0 3 0 0 0 0 0
240 15 2 2 6 0 0 3 0 0
fl=./stdlib/../stdlib/strtol.c
fn=strtol
116 2 1 1 0 0 0 0 0 0
117 10 0 0 4 0 0 0 0 0
fl=./stdlib/../stdlib/strtol_l.c
fn=____strtol_l_internal
238 26 1 1 0 0 0 18 1 0
252 2 0 0 2 0 0 0 0 0
257 2 0 0 0 0 0 0 0 0
258 4 0 0 0 0 0 0 0 0
264 4 1 1 0 0 0 0 0 0
292 2 0 0 0 0 0 0 0 0
295 8 0 0 0 0 0 0 0 0
304 12 0 0 8 2 1 0 0 0
306 4 1 1 0 0 0 0 0 0
310 2 0 0 0 0 0 2 0 0
311 4 0 0 0 0 0 0 0 0
316 4 0 0 0 0 0 0 0 0
320 4 0 0 0 0 0 0 0 0
335 4 0 0 0 0 0 0 0 0
342 4 1 1 0 0 0 0 0 0
345 8 1 1 0 0 0 2 0 0
393 2 1 1 0 0 0 0 0 0
394 2 0 0 0 0 0 0 0 0
395 2 0 0 0 0 0 0 0 0
449 24 0 0 12 0 0 0 0 0
451 58 0 0 2 1 0 0 0 0
453 36 0 0 0 0 0 0 0 0
477 2 0 0 2 0 0 0 0 0
478 2 0 0 0 0 0 0 0 0
481 36 1 1 0 0 0 0 0 0
484 48 0 0 0 0 0 0 0 0
489 16 0 0 0 0 0 0 0 0
490 36 0 0 0 0 0 0 0 0
495 4 1 1 0 0 0 0 0 0
500 6 0 0 2 0 0 0 0 0
506 4 0 0 0 0 0 0 0 0
507 4 0 0 0 0 0 0 0 0
509 6 0 0 2 0 0 0 0 0
524 2 0 0 0 0 0 0 0 0
546 16 0 0 14 0 0 0 0 0
fl=./stdlib/../sysdeps/ieee754/dbl-64/dbl2mpn.c
fn=__mpn_extract_double
33 6 1 1 0 0 0 0 0 0
35 2 0 0 0 0 0 0 0 0
37 6 0 0 0 0 0 2 0 0
38 10 0 0 0 0 0 2 0 0
47 6 1 1 0 0 0 2 0 0
56 6 0 0 0 0 0 0 0 0
103 4 0 0 0 0 0 2 0 0
107 4 0 0 2 0 0 0 0 0
fl=./stdlib/../sysdeps/x86_64/lshift.S
fn=__mpn_lshift
28 2 1 1 0 0 0 0 0 0
29 2 0 0 0 0 0 0 0 0
30 2 0 0 0 0 0 0 0 0
32 2 0 0 0 0 0 0 0 0
33 2 0 0 0 0 0 0 0 0
34 2 0 0 0 0 0 0 0 0
46 2 0 0 0 0 0 0 0 0
47 2 0 0 0 0 0 0 0 0
48 2 0 0 2 0 0 0 0 0
49 2 0 0 0 0 0 0 0 0
50 2 1 1 0 0 0 0 0 0
51 2 0 0 0 0 0 0 0 0
52 2 0 0 0 0 0 0 0 0
58 2 0 0 0 0 0 0 0 0
59 2 0 0 0 0 0 2 0 0
60 2 0 0 2 0 0 0 0 0
fl=./stdlib/../sysdeps/x86_64/mul_1.S
fn=__mpn_mul_1
31 15 1 1 0 0 0 0 0 0
32 15 0 0 0 0 0 15 0 0
35 15 0 0 0 0 0 0 0 0
36 15 0 0 15 0 0 0 0 0
37 15 0 0 0 0 0 0 0 0
38 15 1 1 0 0 0 0 0 0
39 15 0 0 0 0 0 0 0 0
41 15 0 0 0 0 0 0 0 0
42 15 0 0 0 0 0 0 0 0
44 15 0 0 0 0 0 0 0 0
45 15 0 0 0 0 0 0 0 0
46 15 0 0 0 0 0 0 0 0
47 15 0 0 0 0 0 0 0 0
48 13 0 0 0 0 0 0 0 0
50 13 0 0 0 0 0 0 0 0
51 13 0 0 0 0 0 0 0 0
52 13 0 0 0 0 0 13 0 0
53 13 0 0 0 0 0 0 0 0
79 2 1 1 0 0 0 0 0 0
80 2 0 0 0 0 0 0 0 0
81 2 0 0 0 0 0 0 0 0
82 2 0 0 0 0 0 0 0 0
83 2 0 0 0 0 0 0 0 0
84 2 1 1 0 0 0 0 0 0
85 2 0 0 2 0 0 0 0 0
86 2 0 0 0 0 0 0 0 0
87 2 0 0 0 0 0 0 0 0
113 2 1 1 0 0 0 0 0 0
114 2 0 0 0 0 0 0 0 0
115 2 0 0 0 0 0 0 0 0
117 2 0 0 0 0 0 2 0 0
118 2 0 0 0 0 0 0 0 0
119 2 0 0 0 0 0 0 0 0
120 2 1 1 0 0 0 2 0 0
121 2 0 0 0 0 0 0 0 0
122 15 0 0 0 0 0 0 0 0
124 15 0 0 15 0 0 0 0 0
127 15 0 0 15 0 0 0 0 0
fl=./stdlib/../sysdeps/x86_64/rshift.S
fn=__mpn_rshift
28 4 1 1 0 0 0 0 0 0
29 4 0 0 0 0 0 0 0 0
30 4 0 0 0 0 0 0 0 0
31 4 0 0 0 0 0 0 0 0
44 4 0 0 0 0 0 0 0 0
45 4 1 1 0 0 0 0 0 0
61 4 0 0 0 0 0 0 0 0
62 4 0 0 4 0 0 0 0 0
63 4 0 0 4 0 0 0 0 0
64 4 0 0 0 0 0 0 0 0
65 4 0 0 0 0 0 0 0 0
66 4 0 0 0 0 0 0 0 0
67 4 0 0 0 0 0 0 0 0
72 4 1 1 0 0 0 0 0 0
73 4 0 0 0 0 0 4 0 0
74 4 0 0 0 0 0 0 0 0
75 4 0 0 0 0 0 4 0 0
76 4 0 0 4 0 0 0 0 0
fl=./stdlib/./stdlib/cmp.c
fn=__mpn_cmp
31 4 1 1 0 0 0 0 0 0
35 8 0 0 0 0 0 0 0 0
37 4 1 1 4 0 0 0 0 0
38 4 0 0 4 0 0 0 0 0
39 8 0 0 0 0 0 0 0 0
47 20 0 0 4 0 0 0 0 0
fl=./stdlib/./stdlib/cxa_atexit.c
fn=__cxa_atexit
41 2 1 1 0 0 0 0 0 0
43 8 0 0 1 1 0 0 0 0
44 2 0 0 0 0 0 1 0 0
46 2 0 0 0 0 0 0 0 0
52 3 0 0 1 0 0 0 0 0
53 1 0 0 0 0 0 1 0 0
54 1 0 0 0 0 0 1 0 0
55 1 1 1 0 0 0 1 0 0
56 1 0 0 0 0 0 1 0 0
57 4 0 0 2 0 0 0 0 0
58 1 0 0 0 0 0 0 0 0
67 7 1 1 0 0 0 5 0 0
69 6 0 0 6 0 0 0 0 0
fn=__new_exitfn
80 5 1 1 0 0 0 3 0 0
81 1 0 0 0 0 0 0 0 0
86 2 0 0 1 1 1 0 0 0
91 10 0 0 2 1 0 0 0 0
93 4 1 1 1 1 0 0 0 0
101 1 0 0 0 0 0 1 0 0
122 1 0 0 0 0 0 0 0 0
123 1 1 1 0 0 0 1 0 0
134 1 0 0 0 0 0 0 0 0
136 1 1 1 0 0 0 1 0 0
137 1 0 0 1 0 0 0 0 0
141 5 0 0 4 0 0 0 0 0
fl=./stdlib/./stdlib/cxa_finalize.c
fn=__cxa_finalize
30 20 1 1 0 0 0 12 1 1
33 14 0 0 2 0 0 0 0 0
36 14 2 2 4 0 0 0 0 0
40 14 0 0 2 0 0 0 0 0
93 14 2 2 4 1 1 0 0 0
97 12 0 0 2 1 1 0 0 0
105 4 0 0 0 0 0 2 0 0
106 8 0 0 4 0 0 0 0 0
107 16 0 0 14 0 0 0 0 0
fl=./stdlib/./stdlib/cxa_thread_atexit_impl.c
fn=__call_tls_dtors
148 5 1 1 0 0 0 3 0 0
149 4 1 1 2 0 0 0 0 0
165 4 1 1 4 0 0 0 0 0
fl=./stdlib/./stdlib/divrem.c
fn=__mpn_divrem
46 182 1 1 0 0 0 91 0 0
47 13 0 0 0 0 0 13 0 0
49 26 0 0 0 0 0 0 0 0
62 13 1 1 13 0 0 0 0 0
63 13 0 0 13 0 0 0 0 0
65 26 0 0 0 0 0 0 0 0
72 116 0 0 0 0 0 0 0 0
73 33 1 1 11 0 0 11 0 0
76 26 0 0 0 0 0 0 0 0
79 13 0 0 0 0 0 13 0 0
81 13 0 0 0 0 0 0 0 0
234 117 1 1 104 0 0 0 0 0
fl=./stdlib/./stdlib/exit.c
fn=__run_exit_handlers
38 12 1 1 0 0 0 8 0 0
40 2 0 0 0 0 0 0 0 0
41 2 1 1 0 0 0 1 0 0
43 5 1 1 1 1 1 0 0 0
54 2 0 0 2 1 1 0 0 0
56 2 0 0 0 0 0 0 0 0
60 1 0 0 0 0 0 1 1 1
64 6 0 0 2 1 1 0 0 0
66 2 1 1 0 0 0 1 0 0
67 1 0 0 1 0 0 0 0 0
69 7 0 0 1 0 0 0 0 0
94 2 0 0 0 0 0 0 0 0
101 1 0 0 0 0 0 1 0 0
102 1 1 1 1 0 0 0 0 0
103 1 0 0 1 0 0 0 0 0
104 3 0 0 1 0 0 0 0 0
107 4 0 0 2 0 0 0 0 0
108 3 0 0 0 0 0 1 0 0
109 4 1 1 1 0 0 0 0 0
113 3 1 1 1 0 0 0 0 0
119 3 1 1 2 0 0 1 0 0
120 2 0 0 0 0 0 0 0 0
126 4 1 1 2 0 0 0 0 0
128 2 0 0 1 0 0 0 0 0
129 2 0 0 0 0 0 1 0 0
131 2 0 0 0 0 0 1 0 0
fn=exit
137 3 1 1 0 0 0 1 0 0
138 4 0 0 0 0 0 1 0 0
fl=./stdlib/./stdlib/mul.c
fn=__mpn_mul
48 34 2 2 2 0 0 14 1 1
54 4 0 0 0 0 0 0 0 0
66 4 0 0 0 0 0 0 0 0
71 2 1 1 2 0 0 0 0 0
72 4 0 0 0 0 0 0 0 0
81 8 0 0 4 0 0 4 1 1
83 2 0 0 0 0 0 2 0 0
84 2 0 0 0 0 0 0 0 0
88 4 1 1 0 0 0 0 0 0
141 2 1 1 0 0 0 2 0 0
142 22 0 0 18 0 0 0 0 0
fl=./stdlib/./stdlib/rand.c
fn=rand
26 24000000 1 1 0 0 0 8000000 0 0
27 8000000 0 0 0 0 0 8000000 0 0
28 16000000 0 0 16000000 0 0 0 0 0
fl=./stdlib/./stdlib/random.c
fn=random
288 56000000 2 2 8000000 0 0 16000000 0 0
291 24000000 0 0 8000000 1 1 0 0 0
293 24000000 0 0 0 0 0 8000000 0 0
295 32000000 0 0 16000000 0 0 0 0 0
297 8000000 0 0 8000000 0 0 0 0 0
298 40000000 1 1 32000000 0 0 0 0 0
fl=./stdlib/./stdlib/random_r.c
fn=random_r
354 8000000 1 1 0 0 0 0 0 0
357 32000000 0 0 0 0 0 0 0 0
360 8000000 0 0 8000000 0 0 0 0 0
362 24000000 1 1 8000000 0 0 0 0 0
370 8000000 0 0 8000000 0 0 0 0 0
371 8000000 0 0 8000000 0 0 0 0 0
372 8000000 0 0 8000000 1 0 0 0 0
375 24000000 1 1 16000000 2 1 8000000 0 0
377 16000000 0 0 0 0 0 8000000 0 0
378 15741936 0 0 0 0 0 0 0 0
379 16000000 0 0 0 0 0 0 0 0
382 8000000 0 0 0 0 0 0 0 0
387 15483872 0 0 0 0 0 0 0 0
388 516128 0 0 0 0 0 0 0 0
390 8000000 0 0 0 0 0 8000000 0 0
391 8000000 0 0 0 0 0 8000000 0 0
393 8000000 0 0 0 0 0 0 0 0
398 8000000 0 0 8000000 0 0 0 0 0
fl=./string/../include/rtld-malloc.h
fn=strdup
56 10 0 0 5 0 0 5 0 0
fl=./string/../string/strcspn.c
fn=strcspn
32 6 1 1 0 0 0 2 0 0
33 3 0 0 1 1 1 0 0 0
34 2 0 0 1 0 0 0 0 0
39 6 0 0 0 0 0 4 1 1
40 4 1 1 0 0 0 4 1 1
41 4 0 0 0 0 0 4 1 1
42 4 0 0 0 0 0 4 1 1
44 1 0 0 0 0 0 0 0 0
47 9 1 1 3 0 0 3 0 0
48 6 0 0 0 0 0 0 0 0
51 4 0 0 2 0 0 0 0 0
52 4 0 0 2 0 0 0 0 0
53 4 1 1 2 0 0 0 0 0
54 4 0 0 2 0 0 0 0 0
56 3 0 0 0 0 0 0 0 0
61 13 0 0 0 0 0 0 0 0
62 26 0 0 26 1 1 0 0 0
63 26 1 1 26 0 0 0 0 0
64 26 0 0 26 0 0 0 0 0
65 13 0 0 13 0 0 0 0 0
67 78 0 0 13 0 0 0 0 0
69 1 0 0 0 0 0 0 0 0
70 4 0 0 0 0 0 0 0 0
71 3 0 0 3 0 0 0 0 0
fl=./string/../sysdeps/x86/cacheinfo.c
fn=__x86_cacheinfo
86 1 1 1 0 0 0 0 0 0
fl=./string/../sysdeps/x86/cacheinfo.h
fn=__x86_cacheinfo
59 1 0 0 1 0 0 0 0 0
62 3 1 1 1 1 0 0 0 0
64 3 0 0 0 0 0 1 0 0
65 1 0 0 0 0 0 1 1 1
71 3 0 0 1 0 0 0 0 0
73 3 1 1 0 0 0 1 0 0
74 1 0 0 0 0 0 1 0 0
78 2 0 0 1 0 0 1 1 1
80 2 0 0 1 0 0 1 0 0
81 2 0 0 1 0 0 1 0 0
82 2 0 0 1 0 0 1 0 0
84 2 1 1 1 1 0 0 0 0
86 2 0 0 1 0 0 0 0 0
fl=./string/../sysdeps/x86_64/multiarch/../multiarch/memcmp-sse2.S
fn=bcmp
59 2 1 1 0 0 0 0 0 0
71 2 0 0 0 0 0 0 0 0
72 2 0 0 0 0 0 0 0 0
94 1 0 0 0 0 0 0 0 0
95 1 0 0 0 0 0 0 0 0
140 1 1 1 1 0 0 0 0 0
141 1 0 0 1 0 0 0 0 0
143 1 0 0 0 0 0 0 0 0
144 1 0 0 0 0 0 0 0 0
146 1 0 0 1 0 0 0 0 0
147 1 0 0 1 0 0 0 0 0
149 1 0 0 0 0 0 0 0 0
150 1 0 0 0 0 0 0 0 0
197 1 0 0 0 0 0 0 0 0
198 1 0 0 0 0 0 0 0 0
199 1 0 0 0 0 0 0 0 0
200 1 0 0 0 0 0 0 0 0
201 1 0 0 0 0 0 0 0 0
202 1 0 0 1 0 0 0 0 0
255 1 1 1 0 0 0 0 0 0
257 1 0 0 1 0 0 0 0 0
258 1 0 0 1 0 0 0 0 0
259 1 0 0 0 0 0 0 0 0
260 1 0 0 0 0 0 0 0 0
261 1 0 0 0 0 0 0 0 0
262 1 0 0 0 0 0 0 0 0
269 1 0 0 0 0 0 0 0 0
271 1 0 0 0 0 0 0 0 0
273 1 1 1 1 0 0 0 0 0
274 1 0 0 1 0 0 0 0 0
275 1 0 0 0 0 0 0 0 0
276 1 0 0 0 0 0 0 0 0
277 1 0 0 0 0 0 0 0 0
281 1 0 0 0 0 0 0 0 0
289 1 0 0 1 0 0 0 0 0
fl=./string/../sysdeps/x86_64/multiarch/../multiarch/memset-vec-unaligned-erms.S
fn=memset
132 8 1 1 0 0 0 0 0 0
133 40 0 0 0 0 0 0 0 0
138 8 0 0 0 0 0 0 0 0
139 8 0 0 0 0 0 0 0 0
142 3 0 0 0 0 0 0 0 0
143 3 0 0 0 0 0 0 0 0
145 1 0 0 0 0 0 1 0 0
146 1 0 0 0 0 0 1 0 0
147 1 1 1 1 0 0 0 0 0
244 2 0 0 0 0 0 2 1 1
245 2 0 0 0 0 0 2 0 0
257 2 0 0 0 0 0 0 0 0
260 2 0 0 0 0 0 0 0 0
261 2 0 0 0 0 0 0 0 0
273 2 0 0 0 0 0 2 0 0
274 2 0 0 0 0 0 2 2 2
287 2 0 0 0 0 0 0 0 0
288 2 0 0 0 0 0 0 0 0
290 2 0 0 0 0 0 0 0 0
293 1 0 0 0 0 0 0 0 0
296 2 0 0 0 0 0 0 0 0
299 35 0 0 0 0 0 35 34 34
300 35 0 0 0 0 0 35 0 0
301 35 0 0 0 0 0 35 0 0
302 35 0 0 0 0 0 35 0 0
303 35 0 0 0 0 0 0 0 0
304 35 0 0 0 0 0 0 0 0
305 35 0 0 0 0 0 0 0 0
308 2 0 0 0 0 0 2 1 1
309 2 0 0 0 0 0 2 0 0
310 2 0 0 0 0 0 2 0 0
311 2 0 0 0 0 0 2 0 0
316 2 0 0 2 0 0 0 0 0
350 5 1 1 0 0 0 0 0 0
352 5 0 0 0 0 0 0 0 0
353 5 0 0 0 0 0 0 0 0
392 5 1 1 0 0 0 5 1 1
393 5 0 0 0 0 0 5 1 1
395 5 0 0 5 0 0 0 0 0
fl=./string/../sysdeps/x86_64/multiarch/../multiarch/strchr-sse2.S
fn=index
32 17 1 1 0 0 0 0 0 0
33 17 0 0 0 0 0 0 0 0
34 17 0 0 0 0 0 0 0 0
35 17 0 0 0 0 0 0 0 0
36 17 1 1 0 0 0 0 0 0
37 17 0 0 0 0 0 0 0 0
38 17 0 0 0 0 0 0 0 0
39 17 0 0 0 0 0 0 0 0
40 17 0 0 0 0 0 0 0 0
41 17 0 0 17 1 1 0 0 0
42 17 0 0 0 0 0 0 0 0
43 17 0 0 0 0 0 0 0 0
44 17 0 0 0 0 0 0 0 0
45 17 0 0 0 0 0 0 0 0
46 17 0 0 0 0 0 0 0 0
47 17 0 0 0 0 0 0 0 0
48 17 0 0 0 0 0 0 0 0
49 17 0 0 0 0 0 0 0 0
50 13 0 0 0 0 0 0 0 0
54 13 0 0 0 0 0 0 0 0
55 13 1 1 0 0 0 0 0 0
56 13 0 0 13 0 0 0 0 0
57 13 0 0 0 0 0 0 0 0
59 13 0 0 13 0 0 0 0 0
63 4 0 0 4 0 0 0 0 0
64 4 0 0 0 0 0 0 0 0
65 4 0 0 0 0 0 0 0 0
66 4 0 0 0 0 0 0 0 0
67 4 0 0 0 0 0 0 0 0
68 4 0 0 0 0 0 0 0 0
69 4 0 0 4 1 1 0 0 0
70 4 0 0 0 0 0 0 0 0
71 4 0 0 0 0 0 0 0 0
72 4 0 0 0 0 0 0 0 0
73 4 0 0 0 0 0 0 0 0
74 4 1 1 0 0 0 0 0 0
75 4 0 0 0 0 0 0 0 0
76 4 0 0 4 0 0 0 0 0
77 4 0 0 0 0 0 0 0 0
78 4 0 0 0 0 0 0 0 0
79 4 0 0 0 0 0 0 0 0
80 4 0 0 0 0 0 0 0 0
81 4 0 0 0 0 0 0 0 0
82 4 0 0 0 0 0 0 0 0
83 4 0 0 0 0 0 0 0 0
84 4 0 0 0 0 0 0 0 0
85 4 0 0 0 0 0 0 0 0
86 4 0 0 0 0 0 0 0 0
138 4 1 1 0 0 0 0 0 0
142 4 0 0 0 0 0 0 0 0
143 4 0 0 0 0 0 0 0 0
144 4 0 0 4 0 0 0 0 0
145 4 0 0 0 0 0 0 0 0
147 4 0 0 4 0 0 0 0 0
fl=./string/../sysdeps/x86_64/multiarch/../multiarch/strcmp-sse2.S
fn=strcmp
98 179 1 1 0 0 0 0 0 0
131 179 0 0 0 0 0 0 0 0
132 179 0 0 0 0 0 0 0 0
134 179 0 0 0 0 0 0 0 0
135 179 0 0 0 0 0 0 0 0
156 179 0 0 0 0 0 0 0 0
157 179 0 0 0 0 0 0 0 0
158 155 0 0 0 0 0 0 0 0
159 155 0 0 0 0 0 0 0 0
160 132 0 0 132 16 14 0 0 0
161 132 1 1 132 8 6 0 0 0
162 132 0 0 132 0 0 0 0 0
163 132 0 0 132 0 0 0 0 0
180 132 0 0 0 0 0 0 0 0
181 132 0 0 0 0 0 0 0 0
182 132 0 0 0 0 0 0 0 0
183 132 0 0 0 0 0 0 0 0
184 132 0 0 0 0 0 0 0 0
185 132 0 0 0 0 0 0 0 0
186 132 0 0 0 0 0 0 0 0
191 12 0 0 0 0 0 0 0 0
192 36 0 0 0 0 0 0 0 0
201 59 1 1 0 0 0 0 0 0
202 59 0 0 0 0 0 0 0 0
203 59 0 0 0 0 0 0 0 0
204 59 0 0 0 0 0 0 0 0
205 59 0 0 0 0 0 0 0 0
206 59 0 0 0 0 0 0 0 0
207 59 0 0 0 0 0 0 0 0
208 59 0 0 0 0 0 0 0 0
209 57 0 0 0 0 0 0 0 0
210 25 0 0 0 0 0 0 0 0
211 25 0 0 0 0 0 0 0 0
212 25 0 0 0 0 0 0 0 0
214 57 0 0 0 0 0 0 0 0
215 57 0 0 0 0 0 0 0 0
216 57 0 0 0 0 0 0 0 0
217 57 0 0 57 3 2 0 0 0
218 57 0 0 0 0 0 0 0 0
219 57 0 0 0 0 0 0 0 0
229 2 1 1 2 0 0 0 0 0
230 2 0 0 0 0 0 0 0 0
231 2 0 0 0 0 0 0 0 0
233 2 0 0 2 0 0 0 0 0
239 2 0 0 0 0 0 0 0 0
240 2 0 0 0 0 0 0 0 0
241 2 0 0 0 0 0 0 0 0
242 2 0 0 0 0 0 0 0 0
243 2 0 0 0 0 0 0 0 0
248 2 0 0 0 0 0 0 0 0
300 6 1 1 0 0 0 0 0 0
301 6 0 0 6 0 0 0 0 0
302 6 0 0 6 1 1 0 0 0
303 6 0 0 0 0 0 0 0 0
304 6 0 0 0 0 0 0 0 0
306 6 0 0 0 0 0 0 0 0
307 6 0 0 0 0 0 0 0 0
308 6 1 1 0 0 0 0 0 0
309 6 0 0 0 0 0 0 0 0
310 6 0 0 0 0 0 0 0 0
311 6 0 0 0 0 0 0 0 0
312 6 0 0 0 0 0 0 0 0
313 6 0 0 6 0 0 0 0 0
316 6 0 0 0 0 0 0 0 0
317 6 0 0 0 0 0 0 0 0
318 6 0 0 0 0 0 0 0 0
324 6 0 0 0 0 0 0 0 0
325 6 0 0 0 0 0 0 0 0
326 12 0 0 0 0 0 0 0 0
330 6 1 1 0 0 0 0 0 0
331 6 0 0 0 0 0 0 0 0
334 6 0 0 6 0 0 0 0 0
335 6 0 0 6 0 0 0 0 0
336 6 0 0 0 0 0 0 0 0
338 6 0 0 0 0 0 0 0 0
339 6 0 0 0 0 0 0 0 0
340 6 0 0 0 0 0 0 0 0
344 6 0 0 0 0 0 0 0 0
345 6 0 0 0 0 0 0 0 0
346 6 0 0 0 0 0 0 0 0
347 6 0 0 0 0 0 0 0 0
348 6 0 0 0 0 0 0 0 0
349 6 1 1 0 0 0 0 0 0
661 1 1 1 0 0 0 0 0 0
662 1 0 0 1 0 0 0 0 0
663 1 0 0 1 0 0 0 0 0
664 1 0 0 0 0 0 0 0 0
665 1 0 0 0 0 0 0 0 0
667 1 0 0 0 0 0 0 0 0
668 1 0 0 0 0 0 0 0 0
669 1 1 1 0 0 0 0 0 0
670 1 0 0 0 0 0 0 0 0
671 1 0 0 0 0 0 0 0 0
672 1 0 0 0 0 0 0 0 0
673 1 0 0 0 0 0 0 0 0
780 1 1 1 0 0 0 0 0 0
781 1 0 0 1 0 0 0 0 0
782 1 0 0 1 0 0 0 0 0
783 1 0 0 0 0 0 0 0 0
784 1 0 0 0 0 0 0 0 0
786 1 0 0 0 0 0 0 0 0
787 1 0 0 0 0 0 0 0 0
788 1 1 1 0 0 0 0 0 0
789 1 0 0 0 0 0 0 0 0
790 1 0 0 0 0 0 0 0 0
791 1 0 0 0 0 0 0 0 0
792 1 0 0 0 0 0 0 0 0
899 3 1 1 0 0 0 0 0 0
900 3 0 0 3 1 1 0 0 0
901 3 0 0 3 2 2 0 0 0
902 3 0 0 0 0 0 0 0 0
903 3 0 0 0 0 0 0 0 0
905 3 0 0 0 0 0 0 0 0
906 3 0 0 0 0 0 0 0 0
907 3 1 1 0 0 0 0 0 0
908 3 0 0 0 0 0 0 0 0
909 3 0 0 0 0 0 0 0 0
910 3 0 0 0 0 0 0 0 0
911 3 0 0 0 0 0 0 0 0
912 2 0 0 2 0 0 0 0 0
916 2 0 0 0 0 0 0 0 0
917 2 0 0 0 0 0 0 0 0
918 2 0 0 0 0 0 0 0 0
924 2 0 0 0 0 0 0 0 0
925 2 0 0 0 0 0 0 0 0
926 4 0 0 0 0 0 0 0 0
930 2 1 1 0 0 0 0 0 0
931 2 0 0 0 0 0 0 0 0
934 2 0 0 2 2 2 0 0 0
935 2 0 0 2 0 0 0 0 0
936 2 0 0 0 0 0 0 0 0
938 2 0 0 0 0 0 0 0 0
939 2 0 0 0 0 0 0 0 0
940 2 0 0 0 0 0 0 0 0
944 2 0 0 0 0 0 0 0 0
945 2 0 0 0 0 0 0 0 0
946 2 0 0 0 0 0 0 0 0
947 2 0 0 0 0 0 0 0 0
948 2 0 0 0 0 0 0 0 0
949 2 1 1 0 0 0 0 0 0
956 1 0 0 0 0 0 0 0 0
957 1 0 0 0 0 0 0 0 0
959 1 0 0 0 0 0 0 0 0
960 1 0 0 0 0 0 0 0 0
962 1 0 0 1 0 0 0 0 0
963 1 0 0 1 0 0 0 0 0
964 1 0 0 0 0 0 0 0 0
966 1 0 0 0 0 0 0 0 0
967 1 0 0 0 0 0 0 0 0
968 1 0 0 0 0 0 0 0 0
972 1 0 0 0 0 0 0 0 0
973 1 0 0 0 0 0 0 0 0
974 1 0 0 0 0 0 0 0 0
975 1 0 0 0 0 0 0 0 0
976 1 1 1 0 0 0 0 0 0
977 1 0 0 0 0 0 0 0 0
1018 3 1 1 0 0 0 0 0 0
1019 3 0 0 3 0 0 0 0 0
1020 3 0 0 3 3 2 0 0 0
1021 3 0 0 0 0 0 0 0 0
1022 3 0 0 0 0 0 0 0 0
1024 3 0 0 0 0 0 0 0 0
1025 3 0 0 0 0 0 0 0 0
1026 3 1 1 0 0 0 0 0 0
1027 3 0 0 0 0 0 0 0 0
1028 3 0 0 0 0 0 0 0 0
1029 3 0 0 0 0 0 0 0 0
1030 3 0 0 0 0 0 0 0 0
1031 3 0 0 3 0 0 0 0 0
1035 3 0 0 0 0 0 0 0 0
1036 3 0 0 0 0 0 0 0 0
1037 3 0 0 0 0 0 0 0 0
1043 3 0 0 0 0 0 0 0 0
1044 3 0 0 0 0 0 0 0 0
1045 6 0 0 0 0 0 0 0 0
1049 3 1 1 0 0 0 0 0 0
1050 3 0 0 0 0 0 0 0 0
1053 3 0 0 3 3 2 0 0 0
1054 3 0 0 3 0 0 0 0 0
1055 3 0 0 0 0 0 0 0 0
1057 3 0 0 0 0 0 0 0 0
1058 3 0 0 0 0 0 0 0 0
1059 3 0 0 0 0 0 0 0 0
1063 3 0 0 0 0 0 0 0 0
1064 3 0 0 0 0 0 0 0 0
1065 3 0 0 0 0 0 0 0 0
1066 3 0 0 0 0 0 0 0 0
1067 3 0 0 0 0 0 0 0 0
1068 3 1 1 0 0 0 0 0 0
1137 3 1 1 0 0 0 0 0 0
1138 3 0 0 3 0 0 0 0 0
1139 3 0 0 3 0 0 0 0 0
1140 3 0 0 0 0 0 0 0 0
1141 3 0 0 0 0 0 0 0 0
1143 3 0 0 0 0 0 0 0 0
1144 3 0 0 0 0 0 0 0 0
1145 3 1 1 0 0 0 0 0 0
1146 3 0 0 0 0 0 0 0 0
1147 3 0 0 0 0 0 0 0 0
1148 3 0 0 0 0 0 0 0 0
1149 3 0 0 0 0 0 0 0 0
1256 4 1 1 0 0 0 0 0 0
1257 4 0 0 4 0 0 0 0 0
1258 4 0 0 4 0 0 0 0 0
1259 4 0 0 0 0 0 0 0 0
1260 4 0 0 0 0 0 0 0 0
1262 4 0 0 0 0 0 0 0 0
1263 4 0 0 0 0 0 0 0 0
1264 4 1 1 0 0 0 0 0 0
1265 4 0 0 0 0 0 0 0 0
1266 4 0 0 0 0 0 0 0 0
1267 4 0 0 0 0 0 0 0 0
1268 4 0 0 0 0 0 0 0 0
1375 5 2 1 0 0 0 0 0 0
1376 5 0 0 5 0 0 0 0 0
1377 5 0 0 5 0 0 0 0 0
1378 5 0 0 0 0 0 0 0 0
1379 5 0 0 0 0 0 0 0 0
1381 5 0 0 0 0 0 0 0 0
1382 5 0 0 0 0 0 0 0 0
1383 5 1 1 0 0 0 0 0 0
1384 5 0 0 0 0 0 0 0 0
1385 5 0 0 0 0 0 0 0 0
1386 5 0 0 0 0 0 0 0 0
1387 5 0 0 0 0 0 0 0 0
1388 2 0 0 2 0 0 0 0 0
1392 2 0 0 0 0 0 0 0 0
1393 2 0 0 0 0 0 0 0 0
1394 2 0 0 0 0 0 0 0 0
1400 2 0 0 0 0 0 0 0 0
1401 2 0 0 0 0 0 0 0 0
1402 4 0 0 0 0 0 0 0 0
1406 2 1 1 0 0 0 0 0 0
1407 2 0 0 0 0 0 0 0 0
1410 2 0 0 2 0 0 0 0 0
1411 2 0 0 2 2 1 0 0 0
1412 2 0 0 0 0 0 0 0 0
1414 2 0 0 0 0 0 0 0 0
1415 2 0 0 0 0 0 0 0 0
1416 2 0 0 0 0 0 0 0 0
1420 2 0 0 0 0 0 0 0 0
1421 2 0 0 0 0 0 0 0 0
1422 2 0 0 0 0 0 0 0 0
1423 2 0 0 0 0 0 0 0 0
1424 2 0 0 0 0 0 0 0 0
1425 2 1 1 0 0 0 0 0 0
1494 5 2 1 0 0 0 0 0 0
1495 5 0 0 5 0 0 0 0 0
1496 5 0 0 5 2 2 0 0 0
1497 5 0 0 0 0 0 0 0 0
1498 5 0 0 0 0 0 0 0 0
1500 5 0 0 0 0 0 0 0 0
1501 5 0 0 0 0 0 0 0 0
1502 5 1 1 0 0 0 0 0 0
1503 5 0 0 0 0 0 0 0 0
1504 5 0 0 0 0 0 0 0 0
1505 5 0 0 0 0 0 0 0 0
1506 5 0 0 0 0 0 0 0 0
1507 3 0 0 3 0 0 0 0 0
1511 3 0 0 0 0 0 0 0 0
1512 3 0 0 0 0 0 0 0 0
1513 3 0 0 0 0 0 0 0 0
1519 3 0 0 0 0 0 0 0 0
1520 3 0 0 0 0 0 0 0 0
1521 6 0 0 0 0 0 0 0 0
1525 3 1 1 0 0 0 0 0 0
1526 3 0 0 0 0 0 0 0 0
1529 3 0 0 3 2 2 0 0 0
1530 3 0 0 3 0 0 0 0 0
1531 3 0 0 0 0 0 0 0 0
1533 3 0 0 0 0 0 0 0 0
1534 3 0 0 0 0 0 0 0 0
1535 3 0 0 0 0 0 0 0 0
1539 3 0 0 0 0 0 0 0 0
1540 3 0 0 0 0 0 0 0 0
1541 3 0 0 0 0 0 0 0 0
1542 3 0 0 0 0 0 0 0 0
1543 3 0 0 0 0 0 0 0 0
1544 3 1 1 0 0 0 0 0 0
1613 4 1 1 0 0 0 0 0 0
1614 4 0 0 4 0 0 0 0 0
1615 4 0 0 4 0 0 0 0 0
1616 4 0 0 0 0 0 0 0 0
1617 4 0 0 0 0 0 0 0 0
1619 4 0 0 0 0 0 0 0 0
1620 4 0 0 0 0 0 0 0 0
1621 4 1 1 0 0 0 0 0 0
1622 4 0 0 0 0 0 0 0 0
1623 4 0 0 0 0 0 0 0 0
1624 4 0 0 0 0 0 0 0 0
1625 4 0 0 0 0 0 0 0 0
1626 3 0 0 3 0 0 0 0 0
1630 3 0 0 0 0 0 0 0 0
1631 3 0 0 0 0 0 0 0 0
1632 3 0 0 0 0 0 0 0 0
1638 3 0 0 0 0 0 0 0 0
1639 3 0 0 0 0 0 0 0 0
1640 6 0 0 0 0 0 0 0 0
1644 3 1 1 0 0 0 0 0 0
1645 3 0 0 0 0 0 0 0 0
1648 3 0 0 3 0 0 0 0 0
1649 3 0 0 3 0 0 0 0 0
1650 3 0 0 0 0 0 0 0 0
1652 3 0 0 0 0 0 0 0 0
1653 3 0 0 0 0 0 0 0 0
1654 3 0 0 0 0 0 0 0 0
1658 3 0 0 0 0 0 0 0 0
1659 3 0 0 0 0 0 0 0 0
1660 3 0 0 0 0 0 0 0 0
1661 3 0 0 0 0 0 0 0 0
1662 3 0 0 0 0 0 0 0 0
1663 3 1 1 0 0 0 0 0 0
1670 1 0 0 0 0 0 0 0 0
1671 1 0 0 0 0 0 0 0 0
1673 1 0 0 0 0 0 0 0 0
1674 1 0 0 0 0 0 0 0 0
1676 1 0 0 1 0 0 0 0 0
1677 1 0 0 1 1 1 0 0 0
1678 1 0 0 0 0 0 0 0 0
1680 1 0 0 0 0 0 0 0 0
1681 1 0 0 0 0 0 0 0 0
1682 1 0 0 0 0 0 0 0 0
1686 1 0 0 0 0 0 0 0 0
1687 1 0 0 0 0 0 0 0 0
1688 1 0 0 0 0 0 0 0 0
1689 1 0 0 0 0 0 0 0 0
1690 1 1 1 0 0 0 0 0 0
1691 1 0 0 0 0 0 0 0 0
1732 7 1 1 0 0 0 0 0 0
1733 7 0 0 7 1 0 0 0 0
1734 7 0 0 7 2 2 0 0 0
1735 7 0 0 0 0 0 0 0 0
1736 7 0 0 0 0 0 0 0 0
1738 7 0 0 0 0 0 0 0 0
1739 7 0 0 0 0 0 0 0 0
1740 7 1 1 0 0 0 0 0 0
1741 7 0 0 0 0 0 0 0 0
1742 7 0 0 0 0 0 0 0 0
1743 7 0 0 0 0 0 0 0 0
1744 7 0 0 0 0 0 0 0 0
1745 6 0 0 6 0 0 0 0 0
1749 6 0 0 0 0 0 0 0 0
1750 6 0 0 0 0 0 0 0 0
1751 6 0 0 0 0 0 0 0 0
1757 6 0 0 0 0 0 0 0 0
1758 6 0 0 0 0 0 0 0 0
1759 12 0 0 0 0 0 0 0 0
1763 6 1 1 0 0 0 0 0 0
1764 6 0 0 0 0 0 0 0 0
1767 6 0 0 6 0 0 0 0 0
1768 6 0 0 6 1 1 0 0 0
1769 6 0 0 0 0 0 0 0 0
1771 6 0 0 0 0 0 0 0 0
1772 6 0 0 0 0 0 0 0 0
1773 6 0 0 0 0 0 0 0 0
1777 6 0 0 0 0 0 0 0 0
1778 6 0 0 0 0 0 0 0 0
1779 6 0 0 0 0 0 0 0 0
1780 6 0 0 0 0 0 0 0 0
1781 6 0 0 0 0 0 0 0 0
1782 6 1 1 0 0 0 0 0 0
1789 1 0 0 0 0 0 0 0 0
1790 1 0 0 0 0 0 0 0 0
1792 1 0 0 0 0 0 0 0 0
1793 1 0 0 0 0 0 0 0 0
1795 1 0 0 1 0 0 0 0 0
1796 1 0 0 1 0 0 0 0 0
1797 1 0 0 0 0 0 0 0 0
1799 1 0 0 0 0 0 0 0 0
1800 1 0 0 0 0 0 0 0 0
1801 1 0 0 0 0 0 0 0 0
1805 1 0 0 0 0 0 0 0 0
1806 1 0 0 0 0 0 0 0 0
1807 1 0 0 0 0 0 0 0 0
1808 1 0 0 0 0 0 0 0 0
1809 1 1 1 0 0 0 0 0 0
1810 1 0 0 0 0 0 0 0 0
1851 13 1 1 0 0 0 0 0 0
1852 13 0 0 13 0 0 0 0 0
1853 13 0 0 13 0 0 0 0 0
1854 13 0 0 0 0 0 0 0 0
1855 13 0 0 0 0 0 0 0 0
1857 13 0 0 0 0 0 0 0 0
1858 13 0 0 0 0 0 0 0 0
1859 13 1 1 0 0 0 0 0 0
1860 13 0 0 0 0 0 0 0 0
1861 13 0 0 0 0 0 0 0 0
1862 13 0 0 0 0 0 0 0 0
1863 13 0 0 0 0 0 0 0 0
1864 4 0 0 4 0 0 0 0 0
1868 4 0 0 0 0 0 0 0 0
1869 4 0 0 0 0 0 0 0 0
1870 4 0 0 0 0 0 0 0 0
1876 4 0 0 0 0 0 0 0 0
1877 4 0 0 0 0 0 0 0 0
1878 8 0 0 0 0 0 0 0 0
1882 4 1 1 0 0 0 0 0 0
1883 4 0 0 0 0 0 0 0 0
1886 4 0 0 4 0 0 0 0 0
1887 4 0 0 4 0 0 0 0 0
1888 4 0 0 0 0 0 0 0 0
1890 4 0 0 0 0 0 0 0 0
1891 4 0 0 0 0 0 0 0 0
1892 4 0 0 0 0 0 0 0 0
1896 4 0 0 0 0 0 0 0 0
1897 4 0 0 0 0 0 0 0 0
1898 4 0 0 0 0 0 0 0 0
1899 4 0 0 0 0 0 0 0 0
1900 4 0 0 0 0 0 0 0 0
1901 4 1 1 0 0 0 0 0 0
1970 2 1 1 0 0 0 0 0 0
1971 2 0 0 2 0 0 0 0 0
1972 2 0 0 2 0 0 0 0 0
1973 2 0 0 0 0 0 0 0 0
1974 2 0 0 0 0 0 0 0 0
1976 2 0 0 0 0 0 0 0 0
1977 2 0 0 0 0 0 0 0 0
1978 2 1 1 0 0 0 0 0 0
1979 2 0 0 0 0 0 0 0 0
1980 2 0 0 0 0 0 0 0 0
1981 2 0 0 0 0 0 0 0 0
1982 2 0 0 0 0 0 0 0 0
2093 29 0 0 0 0 0 0 0 0
2095 59 1 1 0 0 0 0 0 0
2096 59 0 0 0 0 0 0 0 0
2097 59 0 0 0 0 0 0 0 0
2098 59 0 0 0 0 0 0 0 0
2099 50 0 0 0 0 0 0 0 0
2104 179 1 1 0 0 0 0 0 0
2110 179 0 0 179 0 0 0 0 0
2111 179 0 0 179 0 0 0 0 0
2119 179 0 0 0 0 0 0 0 0
2120 179 0 0 179 0 0 0 0 0
fn=strncmp
98 1 0 0 0 0 0 0 0 0
125 1 0 0 0 0 0 0 0 0
126 1 0 0 0 0 0 0 0 0
127 1 0 0 0 0 0 0 0 0
128 1 0 0 0 0 0 0 0 0
129 1 0 0 0 0 0 0 0 0
131 1 0 0 0 0 0 0 0 0
132 1 0 0 0 0 0 0 0 0
134 1 1 1 0 0 0 0 0 0
135 1 0 0 0 0 0 0 0 0
156 1 0 0 0 0 0 0 0 0
157 1 0 0 0 0 0 0 0 0
158 1 0 0 0 0 0 0 0 0
159 1 0 0 0 0 0 0 0 0
160 1 0 0 1 0 0 0 0 0
161 1 0 0 1 1 1 0 0 0
162 1 0 0 1 0 0 0 0 0
163 1 0 0 1 0 0 0 0 0
180 1 0 0 0 0 0 0 0 0
181 1 0 0 0 0 0 0 0 0
182 1 0 0 0 0 0 0 0 0
183 1 0 0 0 0 0 0 0 0
184 1 0 0 0 0 0 0 0 0
185 1 0 0 0 0 0 0 0 0
186 1 1 1 0 0 0 0 0 0
2104 1 1 1 0 0 0 0 0 0
2107 1 0 0 0 0 0 0 0 0
2108 1 0 0 0 0 0 0 0 0
2110 1 0 0 1 0 0 0 0 0
2111 1 0 0 1 0 0 0 0 0
2119 1 0 0 0 0 0 0 0 0
2120 1 0 0 1 0 0 0 0 0
fl=./string/../sysdeps/x86_64/multiarch/../multiarch/strlen-sse2.S
fn=strlen
57 19 1 1 0 0 0 0 0 0
101 19 0 0 0 0 0 0 0 0
102 19 0 0 0 0 0 0 0 0
103 19 0 0 0 0 0 0 0 0
104 19 0 0 0 0 0 0 0 0
105 19 0 0 0 0 0 0 0 0
106 19 0 0 0 0 0 0 0 0
107 19 0 0 0 0 0 0 0 0
109 19 0 0 0 0 0 0 0 0
111 19 0 0 0 0 0 0 0 0
142 19 0 0 19 1 1 0 0 0
143 19 0 0 0 0 0 0 0 0
144 19 0 0 0 0 0 0 0 0
145 19 0 0 0 0 0 0 0 0
146 19 0 0 0 0 0 0 0 0
147 8 0 0 0 0 0 0 0 0
149 8 0 0 8 0 0 0 0 0
153 11 1 1 0 0 0 0 0 0
154 11 0 0 11 0 0 0 0 0
155 11 0 0 11 1 1 0 0 0
156 11 0 0 11 1 1 0 0 0
157 11 0 0 0 0 0 0 0 0
158 11 0 0 0 0 0 0 0 0
159 11 0 0 0 0 0 0 0 0
160 11 0 0 0 0 0 0 0 0
161 11 0 0 0 0 0 0 0 0
162 11 0 0 0 0 0 0 0 0
163 11 0 0 0 0 0 0 0 0
164 11 0 0 0 0 0 0 0 0
169 86 1 1 10 0 0 0 0 0
243 1 1 1 1 0 0 0 0 0
244 1 0 0 1 0 0 0 0 0
245 1 0 0 1 0 0 0 0 0
246 1 0 0 1 0 0 0 0 0
247 1 0 0 0 0 0 0 0 0
248 1 0 0 0 0 0 0 0 0
249 1 0 0 0 0 0 0 0 0
250 1 0 0 0 0 0 0 0 0
266 1 1 1 0 0 0 0 0 0
268 1 0 0 0 0 0 0 0 0
269 14 1 1 4 0 0 0 0 0
271 1 0 0 0 0 0 0 0 0
272 1 0 0 0 0 0 0 0 0
273 1 0 0 0 0 0 0 0 0
275 1 0 0 1 0 0 0 0 0
fl=./string/../sysdeps/x86_64/multiarch/ifunc-avx2.h
fn=memrchr
38 4 0 0 0 0 0 0 0 0
40 3 0 0 2 0 0 0 0 0
41 2 0 0 1 0 0 0 0 0
42 3 1 1 1 0 0 0 0 0
45 2 0 0 0 0 0 0 0 0
46 2 0 0 0 0 0 0 0 0
49 3 0 0 0 0 0 0 0 0
52 6 0 0 0 0 0 0 0 0
fn=rindex
38 4 0 0 0 0 0 0 0 0
40 3 0 0 2 0 0 0 0 0
41 2 1 1 1 0 0 0 0 0
42 3 0 0 1 0 0 0 0 0
45 2 0 0 0 0 0 0 0 0
46 2 0 0 0 0 0 0 0 0
49 3 0 0 0 0 0 0 0 0
52 6 1 1 0 0 0 0 0 0
fn=strchrnul
38 4 0 0 0 0 0 0 0 0
40 3 0 0 2 0 0 0 0 0
41 2 1 1 1 0 0 0 0 0
42 3 0 0 1 0 0 0 0 0
45 2 0 0 0 0 0 0 0 0
46 2 0 0 0 0 0 0 0 0
49 3 0 0 0 0 0 0 0 0
52 6 0 0 0 0 0 0 0 0
fn=strlen
38 4 0 0 0 0 0 0 0 0
40 3 0 0 2 0 0 0 0 0
41 2 0 0 1 0 0 0 0 0
42 3 1 1 1 0 0 0 0 0
45 2 0 0 0 0 0 0 0 0
46 2 0 0 0 0 0 0 0 0
49 3 0 0 0 0 0 0 0 0
52 6 0 0 0 0 0 0 0 0
fn=strnlen
38 8 0 0 0 0 0 0 0 0
40 6 0 0 4 1 0 0 0 0
41 4 1 1 2 0 0 0 0 0
42 6 0 0 2 0 0 0 0 0
45 4 0 0 0 0 0 0 0 0
46 4 0 0 0 0 0 0 0 0
49 6 0 0 0 0 0 0 0 0
52 12 1 1 0 0 0 0 0 0
fl=./string/../sysdeps/x86_64/multiarch/ifunc-evex.h
fn=memchr
37 4 0 0 0 0 0 0 0 0
38 3 1 1 2 0 0 0 0 0
39 3 0 0 1 0 0 0 0 0
42 2 0 0 0 0 0 0 0 0
43 2 0 0 0 0 0 0 0 0
45 2 0 0 0 0 0 0 0 0
51 3 0 0 0 0 0 0 0 0
54 4 0 0 0 0 0 0 0 0
fl=./string/../sysdeps/x86_64/multiarch/ifunc-memcmp.h
fn=bcmp
34 5 1 1 2 0 0 0 0 0
35 2 0 0 1 0 0 0 0 0
36 2 0 0 0 0 0 0 0 0
37 3 0 0 1 0 0 0 0 0
40 2 0 0 0 0 0 0 0 0
41 2 0 0 0 0 0 0 0 0
44 3 0 0 0 0 0 0 0 0
47 4 0 0 0 0 0 0 0 0
fl=./string/../sysdeps/x86_64/multiarch/ifunc-memmove.h
fn=memcpy@@GLIBC_2.14
56 2 0 0 0 0 0 0 0 0
57 3 0 0 2 0 0 0 0 0
60 3 1 1 1 0 0 0 0 0
61 2 1 1 0 0 0 0 0 0
74 2 0 0 0 0 0 0 0 0
77 2 0 0 0 0 0 0 0 0
85 2 0 0 0 0 0 0 0 0
93 2 0 0 0 0 0 0 0 0
96 5 1 1 1 0 0 0 0 0
fn=memmove
56 2 0 0 0 0 0 0 0 0
57 3 0 0 2 0 0 0 0 0
60 3 0 0 1 0 0 0 0 0
61 2 1 1 0 0 0 0 0 0
74 2 0 0 0 0 0 0 0 0
77 2 0 0 0 0 0 0 0 0
85 2 0 0 0 0 0 0 0 0
93 2 1 1 0 0 0 0 0 0
96 5 2 2 1 0 0 0 0 0
fn=mempcpy
56 2 0 0 0 0 0 0 0 0
57 3 0 0 2 0 0 0 0 0
60 3 1 1 1 0 0 0 0 0
61 2 1 1 0 0 0 0 0 0
74 2 0 0 0 0 0 0 0 0
77 2 0 0 0 0 0 0 0 0
85 2 0 0 0 0 0 0 0 0
93 2 0 0 0 0 0 0 0 0
96 5 1 1 1 0 0 0 0 0
fl=./string/../sysdeps/x86_64/multiarch/ifunc-memset.h
fn=memset
54 5 0 0 2 0 0 0 0 0
57 3 0 0 1 0 0 0 0 0
58 2 1 1 0 0 0 0 0 0
64 2 1 1 0 0 0 0 0 0
73 2 0 0 0 0 0 0 0 0
75 2 0 0 0 0 0 0 0 0
85 2 0 0 0 0 0 0 0 0
93 2 0 0 0 0 0 0 0 0
96 5 0 0 1 0 0 0 0 0
fl=./string/../sysdeps/x86_64/multiarch/ifunc-sse4_2.h
fn=strcspn
36 5 0 0 2 0 0 0 0 0
fn=strpbrk
36 5 1 1 2 1 0 0 0 0
fn=strspn
36 5 1 1 2 0 0 0 0 0
fl=./string/../sysdeps/x86_64/multiarch/ifunc-strcasecmp.h
fn=strcasecmp
36 4 0 0 0 0 0 0 0 0
37 2 0 0 2 0 0 0 0 0
38 3 1 1 1 0 0 0 0 0
41 2 0 0 0 0 0 0 0 0
42 2 0 0 0 0 0 0 0 0
45 3 0 0 0 0 0 0 0 0
48 5 1 1 0 0 0 0 0 0
fn=strcasecmp_l
36 4 0 0 0 0 0 0 0 0
37 2 1 1 2 0 0 0 0 0
38 3 1 1 1 0 0 0 0 0
41 2 0 0 0 0 0 0 0 0
42 2 0 0 0 0 0 0 0 0
45 3 0 0 0 0 0 0 0 0
48 5 0 0 0 0 0 0 0 0
fn=strncasecmp
36 4 0 0 0 0 0 0 0 0
37 2 0 0 2 0 0 0 0 0
38 3 1 1 1 0 0 0 0 0
41 2 0 0 0 0 0 0 0 0
42 2 0 0 0 0 0 0 0 0
45 3 0 0 0 0 0 0 0 0
48 5 0 0 0 0 0 0 0 0
fn=strncasecmp_l
36 4 0 0 0 0 0 0 0 0
37 2 1 1 2 0 0 0 0 0
38 3 1 1 1 0 0 0 0 0
41 2 0 0 0 0 0 0 0 0
42 2 0 0 0 0 0 0 0 0
45 3 0 0 0 0 0 0 0 0
48 5 0 0 0 0 0 0 0 0
fl=./string/../sysdeps/x86_64/multiarch/ifunc-strcpy.h
fn=stpcpy
38 4 0 0 2 0 0 0 0 0
39 3 0 0 1 0 0 0 0 0
42 2 0 0 0 0 0 0 0 0
43 2 0 0 0 0 0 0 0 0
46 3 0 0 0 0 0 0 0 0
49 3 0 0 0 0 0 0 0 0
fn=strcat
38 4 0 0 2 0 0 0 0 0
39 3 1 1 1 0 0 0 0 0
42 2 0 0 0 0 0 0 0 0
43 2 0 0 0 0 0 0 0 0
46 3 0 0 0 0 0 0 0 0
49 3 0 0 0 0 0 0 0 0
fn=strcpy
38 4 0 0 2 0 0 0 0 0
39 3 1 1 1 0 0 0 0 0
42 2 0 0 0 0 0 0 0 0
43 2 0 0 0 0 0 0 0 0
46 3 0 0 0 0 0 0 0 0
49 3 0 0 0 0 0 0 0 0
fl=./string/../sysdeps/x86_64/multiarch/ifunc-strncpy.h
fn=stpncpy
35 5 1 1 2 0 0 0 0 0
36 3 0 0 1 0 0 0 0 0
39 2 0 0 0 0 0 0 0 0
40 2 0 0 0 0 0 0 0 0
43 3 0 0 0 0 0 0 0 0
46 4 0 0 0 0 0 0 0 0
fn=strncpy
35 5 0 0 2 0 0 0 0 0
36 3 0 0 1 0 0 0 0 0
39 2 0 0 0 0 0 0 0 0
40 2 0 0 0 0 0 0 0 0
43 3 0 0 0 0 0 0 0 0
46 4 0 0 0 0 0 0 0 0
fl=./string/../sysdeps/x86_64/multiarch/memchr.c
fn=memchr
29 2 1 1 1 0 0 0 0 0
fl=./string/../sysdeps/x86_64/multiarch/memcmp.c
fn=bcmp
29 4 2 2 1 0 0 0 0 0
fl=./string/../sysdeps/x86_64/multiarch/memcmpeq.c
fn=memcpy@@GLIBC_2.14
29 1 1 1 0 0 0 0 0 0
fl=./string/../sysdeps/x86_64/multiarch/memmove-vec-unaligned-erms.S
fn=__memcpy_avx_unaligned_erms
255 16 1 1 0 0 0 0 0 0
256 16 0 0 0 0 0 0 0 0
262 17 0 0 0 0 0 0 0 0
263 17 0 0 0 0 0 0 0 0
265 1 0 0 1 0 0 0 0 0
266 1 0 0 0 0 0 0 0 0
267 1 0 0 0 0 0 0 0 0
270 1 0 0 1 0 0 0 0 0
271 1 0 0 0 0 0 1 1 1
272 1 0 0 0 0 0 1 1 1
275 2 0 0 1 0 0 0 0 0
305 16 0 0 0 0 0 0 0 0
306 16 0 0 0 0 0 0 0 0
308 12 0 0 0 0 0 0 0 0
309 12 0 0 0 0 0 0 0 0
311 9 0 0 0 0 0 0 0 0
315 9 0 0 0 0 0 0 0 0
316 2 0 0 0 0 0 0 0 0
317 2 0 0 0 0 0 0 0 0
318 2 0 0 2 0 0 0 0 0
319 2 0 0 0 0 0 0 0 0
320 1 0 0 1 0 0 0 0 0
321 1 0 0 0 0 0 1 0 0
323 2 0 0 0 0 0 2 0 0
325 2 0 0 2 0 0 0 0 0
331 7 1 1 7 0 0 0 0 0
332 7 0 0 7 0 0 0 0 0
333 7 0 0 0 0 0 7 0 0
334 7 0 0 0 0 0 7 0 0
335 7 0 0 7 0 0 0 0 0
342 4 0 0 4 1 1 0 0 0
343 4 0 0 4 0 0 0 0 0
344 4 0 0 0 0 0 4 0 0
345 4 0 0 0 0 0 4 0 0
347 4 0 0 4 0 0 0 0 0
364 3 1 1 3 0 0 0 0 0
365 3 0 0 3 0 0 0 0 0
366 3 0 0 0 0 0 3 2 1
367 3 0 0 0 0 0 3 0 0
368 3 0 0 3 0 0 0 0 0
fn=__mempcpy_avx_unaligned_erms
242 1 1 1 0 0 0 0 0 0
243 1 0 0 0 0 0 0 0 0
244 1 0 0 0 0 0 0 0 0
245 1 0 0 0 0 0 0 0 0
fn=memcpy
210 18 2 2 0 0 0 0 0 0
211 18 0 0 0 0 0 0 0 0
217 47 0 0 0 0 0 0 0 0
218 47 0 0 0 0 0 0 0 0
220 24 0 0 24 1 0 0 0 0
221 24 0 0 0 0 0 0 0 0
222 24 0 0 0 0 0 0 0 0
224 19 0 0 19 0 0 0 0 0
225 19 0 0 0 0 0 19 5 5
226 19 2 1 0 0 0 19 0 0
228 19 0 0 19 0 0 0 0 0
308 23 1 1 0 0 0 0 0 0
309 23 0 0 0 0 0 0 0 0
311 6 0 0 0 0 0 0 0 0
315 6 0 0 0 0 0 0 0 0
316 6 0 0 0 0 0 0 0 0
317 6 0 0 0 0 0 0 0 0
318 1 0 0 1 1 1 0 0 0
319 1 0 0 0 0 0 0 0 0
323 1 0 0 0 0 0 1 1 1
325 6 0 0 6 0 0 0 0 0
364 17 1 1 17 0 0 0 0 0
365 17 0 0 17 0 0 0 0 0
366 17 0 0 0 0 0 17 2 2
367 17 0 0 0 0 0 17 0 0
368 17 0 0 17 0 0 0 0 0
375 5 0 0 5 0 0 0 0 0
376 5 0 0 5 0 0 0 0 0
377 5 0 0 0 0 0 5 1 1
378 5 0 0 0 0 0 5 2 2
379 5 0 0 0 0 0 5 2 2
380 5 0 0 0 0 0 5 0 0
381 5 0 0 5 0 0 0 0 0
392 5 0 0 0 0 0 0 0 0
393 5 0 0 0 0 0 0 0 0
395 5 0 0 5 0 0 0 0 0
396 5 1 1 0 0 0 0 0 0
397 5 0 0 0 0 0 0 0 0
fn=mempcpy
197 29 0 0 0 0 0 0 0 0
198 29 0 0 0 0 0 0 0 0
199 29 0 0 0 0 0 0 0 0
200 29 0 0 0 0 0 0 0 0
fl=./string/../sysdeps/x86_64/multiarch/memmove.c
fn=memmove
29 1 1 1 0 0 0 0 0 0
fl=./string/../sysdeps/x86_64/multiarch/mempcpy.c
fn=mempcpy
33 1 0 0 0 0 0 0 0 0
fl=./string/../sysdeps/x86_64/multiarch/memrchr.c
fn=memrchr
29 3 1 1 1 0 0 0 0 0
fl=./string/../sysdeps/x86_64/multiarch/memset-vec-unaligned-erms.S
fn=__memset_avx2_unaligned_erms
158 1 1 1 0 0 0 0 0 0
159 2 0 0 0 0 0 0 0 0
164 1 0 0 0 0 0 0 0 0
165 1 0 0 0 0 0 0 0 0
337 1 1 1 0 0 0 0 0 0
346 1 0 0 0 0 0 0 0 0
347 1 0 0 0 0 0 0 0 0
352 1 0 0 0 0 0 0 0 0
353 1 0 0 0 0 0 0 0 0
354 1 0 0 0 0 0 0 0 0
355 1 0 0 0 0 0 0 0 0
356 1 0 0 0 0 0 0 0 0
357 1 0 0 0 0 0 0 0 0
416 1 1 1 0 0 0 1 0 0
417 1 0 0 0 0 0 1 0 0
418 1 0 0 0 0 0 1 0 0
423 1 0 0 1 0 0 0 0 0
fl=./string/../sysdeps/x86_64/multiarch/memset.c
fn=memset
29 1 1 1 0 0 0 0 0 0
fl=./string/../sysdeps/x86_64/multiarch/stpcpy.c
fn=stpcpy
33 3 1 1 1 0 0 0 0 0
fl=./string/../sysdeps/x86_64/multiarch/stpncpy.c
fn=stpncpy
31 3 2 2 1 0 0 0 0 0
fl=./string/../sysdeps/x86_64/multiarch/strcasecmp.c
fn=strcasecmp
31 3 0 0 1 0 0 0 0 0
fl=./string/../sysdeps/x86_64/multiarch/strcasecmp_l.c
fn=strcasecmp_l
31 3 0 0 1 0 0 0 0 0
fl=./string/../sysdeps/x86_64/multiarch/strcat.c
fn=strcat
29 3 1 1 1 0 0 0 0 0
fl=./string/../sysdeps/x86_64/multiarch/strchr-avx2.S
fn=__strchrnul_avx2
53 7 1 1 0 0 0 0 0 0
55 7 0 0 0 0 0 0 0 0
56 7 0 0 0 0 0 0 0 0
57 7 0 0 0 0 0 0 0 0
58 7 0 0 0 0 0 0 0 0
59 7 0 0 0 0 0 0 0 0
62 7 0 0 0 0 0 0 0 0
63 7 1 1 0 0 0 0 0 0
67 7 0 0 7 3 3 0 0 0
68 7 0 0 0 0 0 0 0 0
69 7 0 0 0 0 0 0 0 0
70 7 0 0 0 0 0 0 0 0
71 7 0 0 0 0 0 0 0 0
72 7 0 0 0 0 0 0 0 0
73 7 0 0 0 0 0 0 0 0
74 7 0 0 0 0 0 0 0 0
87 7 0 0 0 0 0 0 0 0
89 14 0 0 7 0 0 0 0 0
fl=./string/../sysdeps/x86_64/multiarch/strchr.c
fn=index
42 4 0 0 0 0 0 0 0 0
43 2 0 0 2 0 0 0 0 0
44 3 1 1 1 0 0 0 0 0
47 2 0 0 0 0 0 0 0 0
48 2 1 1 0 0 0 0 0 0
51 3 0 0 0 0 0 0 0 0
54 3 0 0 0 0 0 0 0 0
65 3 1 1 1 0 0 0 0 0
fl=./string/../sysdeps/x86_64/multiarch/strchrnul.c
fn=strchrnul
31 3 0 0 1 0 0 0 0 0
fl=./string/../sysdeps/x86_64/multiarch/strcmp.c
fn=strcmp
47 4 1 1 0 0 0 0 0 0
48 2 0 0 2 0 0 0 0 0
49 3 0 0 1 0 0 0 0 0
52 2 0 0 0 0 0 0 0 0
53 2 0 0 0 0 0 0 0 0
56 3 0 0 0 0 0 0 0 0
59 3 0 0 0 0 0 0 0 0
79 3 2 2 1 0 0 0 0 0
fl=./string/../sysdeps/x86_64/multiarch/strcpy.c
fn=strcpy
29 3 1 1 1 0 0 0 0 0
fl=./string/../sysdeps/x86_64/multiarch/strcspn.c
fn=strcspn
29 2 1 1 1 0 0 0 0 0
fl=./string/../sysdeps/x86_64/multiarch/strlen-avx2.S
fn=__strlen_avx2
52 2 1 1 0 0 0 0 0 0
65 2 0 0 0 0 0 0 0 0
66 2 0 0 0 0 0 0 0 0
67 2 0 0 0 0 0 0 0 0
70 2 0 0 0 0 0 0 0 0
72 2 0 0 0 0 0 0 0 0
73 2 0 0 0 0 0 0 0 0
76 2 0 0 2 1 1 0 0 0
77 2 0 0 0 0 0 0 0 0
85 2 0 0 0 0 0 0 0 0
86 2 0 0 0 0 0 0 0 0
87 2 0 0 0 0 0 0 0 0
92 4 0 0 2 0 0 0 0 0
fl=./string/../sysdeps/x86_64/multiarch/strlen.c
fn=strlen
29 3 1 1 1 0 0 0 0 0
fl=./string/../sysdeps/x86_64/multiarch/strncase.c
fn=strncasecmp
31 3 1 1 1 0 0 0 0 0
fl=./string/../sysdeps/x86_64/multiarch/strncase_l.c
fn=strncasecmp_l
31 3 1 1 1 0 0 0 0 0
fl=./string/../sysdeps/x86_64/multiarch/strncmp.c
fn=strncmp
43 4 0 0 0 0 0 0 0 0
44 2 1 1 2 0 0 0 0 0
45 3 1 1 1 0 0 0 0 0
48 2 0 0 0 0 0 0 0 0
49 2 0 0 0 0 0 0 0 0
52 3 0 0 0 0 0 0 0 0
55 5 0 0 0 0 0 0 0 0
67 3 1 1 1 0 0 0 0 0
fl=./string/../sysdeps/x86_64/multiarch/strncpy.c
fn=strncpy
29 3 2 2 1 0 0 0 0 0
fl=./string/../sysdeps/x86_64/multiarch/strnlen.c
fn=strnlen
31 6 1 1 2 0 0 0 0 0
fl=./string/../sysdeps/x86_64/multiarch/strpbrk.c
fn=strpbrk
29 2 0 0 1 0 0 0 0 0
fl=./string/../sysdeps/x86_64/multiarch/strrchr-avx2.S
fn=__strrchr_avx2
53 1 1 1 0 0 0 0 0 0
54 1 0 0 0 0 0 0 0 0
55 1 0 0 0 0 0 0 0 0
57 1 0 0 0 0 0 0 0 0
58 1 1 1 0 0 0 0 0 0
62 1 0 0 0 0 0 0 0 0
63 1 0 0 0 0 0 0 0 0
64 1 0 0 0 0 0 0 0 0
67 1 0 0 1 1 0 0 0 0
69 1 0 0 0 0 0 0 0 0
70 1 0 0 0 0 0 0 0 0
71 1 0 0 0 0 0 0 0 0
72 1 0 0 0 0 0 0 0 0
75 1 0 0 0 0 0 0 0 0
76 1 0 0 0 0 0 0 0 0
78 1 0 0 0 0 0 0 0 0
79 1 0 0 0 0 0 0 0 0
80 1 0 0 0 0 0 0 0 0
81 1 0 0 0 0 0 0 0 0
82 1 0 0 0 0 0 0 0 0
91 2 0 0 1 0 0 0 0 0
fl=./string/../sysdeps/x86_64/multiarch/strrchr.c
fn=rindex
28 3 0 0 1 0 0 0 0 0
fl=./string/../sysdeps/x86_64/multiarch/strspn.c
fn=strspn
29 2 1 1 1 0 0 0 0 0
fl=./string/./string/strdup.c
fn=strdup
40 30 1 1 0 0 0 15 0 0
41 10 0 0 0 0 0 5 0 0
44 10 1 1 0 0 0 0 0 0
47 20 0 0 0 0 0 0 0 0
48 15 0 0 15 0 0 0 0 0
fl=./time/../sysdeps/unix/sysv/linux/clock_gettime.c
fn=clock_gettime@@GLIBC_2.17
30 2 1 1 0 0 0 0 0 0
38 4 0 0 4 4 4 0 0 0
40 4 0 0 0 0 0 0 0 0
44 4 0 0 2 0 0 0 0 0
68 4 0 0 0 0 0 0 0 0
69 4 1 1 0 0 0 0 0 0
fl=./wcsmbs/../sysdeps/x86_64/multiarch/ifunc-avx2.h
fn=wcschr
38 8 1 1 0 0 0 0 0 0
40 6 0 0 4 0 0 0 0 0
41 4 0 0 2 0 0 0 0 0
42 6 0 0 2 0 0 0 0 0
45 4 0 0 0 0 0 0 0 0
46 4 0 0 0 0 0 0 0 0
49 6 0 0 0 0 0 0 0 0
52 12 1 1 0 0 0 0 0 0
fn=wcscmp
38 4 0 0 0 0 0 0 0 0
40 3 0 0 2 0 0 0 0 0
41 2 1 1 1 0 0 0 0 0
42 3 0 0 1 0 0 0 0 0
45 2 0 0 0 0 0 0 0 0
46 2 0 0 0 0 0 0 0 0
49 3 0 0 0 0 0 0 0 0
52 6 1 1 0 0 0 0 0 0
fl=./wcsmbs/../sysdeps/x86_64/multiarch/ifunc-evex.h
fn=wmemchr
37 8 0 0 0 0 0 0 0 0
38 6 1 1 4 0 0 0 0 0
39 6 0 0 2 0 0 0 0 0
42 4 0 0 0 0 0 0 0 0
43 4 1 1 0 0 0 0 0 0
45 4 0 0 0 0 0 0 0 0
51 6 0 0 0 0 0 0 0 0
54 8 0 0 0 0 0 0 0 0
fl=./wcsmbs/../sysdeps/x86_64/multiarch/ifunc-memcmp.h
fn=wmemcmp
34 5 1 1 2 0 0 0 0 0
35 2 0 0 1 0 0 0 0 0
36 2 0 0 0 0 0 0 0 0
37 3 0 0 1 0 0 0 0 0
40 2 0 0 0 0 0 0 0 0
41 2 0 0 0 0 0 0 0 0
44 3 0 0 0 0 0 0 0 0
47 4 0 0 0 0 0 0 0 0
fl=./wcsmbs/../sysdeps/x86_64/multiarch/ifunc-wcs.h
fn=wcpncpy
39 4 1 1 0 0 0 0 0 0
40 3 0 0 2 0 0 0 0 0
41 3 0 0 1 0 0 0 0 0
44 2 0 0 0 0 0 0 0 0
45 3 0 0 0 0 0 0 0 0
48 4 0 0 0 0 0 0 0 0
fn=wcscat
39 4 0 0 0 0 0 0 0 0
40 3 0 0 2 0 0 0 0 0
41 3 0 0 1 0 0 0 0 0
44 2 0 0 0 0 0 0 0 0
45 3 0 0 0 0 0 0 0 0
48 4 0 0 0 0 0 0 0 0
fn=wcsncpy
39 4 0 0 0 0 0 0 0 0
40 3 0 0 2 0 0 0 0 0
41 3 0 0 1 0 0 0 0 0
44 2 0 0 0 0 0 0 0 0
45 3 0 0 0 0 0 0 0 0
48 4 0 0 0 0 0 0 0 0
fl=./wcsmbs/../sysdeps/x86_64/multiarch/ifunc-wcslen.h
fn=wcslen
40 4 0 0 0 0 0 0 0 0
41 2 0 0 2 0 0 0 0 0
42 3 1 1 1 0 0 0 0 0
45 2 0 0 0 0 0 0 0 0
46 2 0 0 0 0 0 0 0 0
49 3 0 0 0 0 0 0 0 0
52 3 0 0 0 0 0 0 0 0
fn=wcsnlen
40 4 0 0 0 0 0 0 0 0
41 2 1 1 2 0 0 0 0 0
42 3 0 0 1 0 0 0 0 0
45 2 1 1 0 0 0 0 0 0
46 2 0 0 0 0 0 0 0 0
49 3 0 0 0 0 0 0 0 0
52 3 0 0 0 0 0 0 0 0
fl=./wcsmbs/../sysdeps/x86_64/multiarch/ifunc-wmemset.h
fn=wmemset
36 10 0 0 4 0 0 0 0 0
37 6 1 1 2 0 0 0 0 0
fl=./wcsmbs/../sysdeps/x86_64/multiarch/wcpcpy.c
fn=wcpncpy
31 1 1 1 0 0 0 0 0 0
fl=./wcsmbs/../sysdeps/x86_64/multiarch/wcpncpy.c
fn=wcpncpy
31 1 0 0 1 0 0 0 0 0
fl=./wcsmbs/../sysdeps/x86_64/multiarch/wcscat.c
fn=wcscat
31 2 1 1 1 0 0 0 0 0
fn=wcschr
31 2 1 1 0 0 0 0 0 0
fl=./wcsmbs/../sysdeps/x86_64/multiarch/wcschr.c
fn=wcschr
31 4 0 0 2 0 0 0 0 0
fl=./wcsmbs/../sysdeps/x86_64/multiarch/wcscmp.c
fn=wcscmp
30 3 1 1 1 0 0 0 0 0
fl=./wcsmbs/../sysdeps/x86_64/multiarch/wcscpy.c
fn=wcscpy
42 4 0 0 0 0 0 0 0 0
43 2 1 1 2 0 0 0 0 0
44 3 0 0 1 0 0 0 0 0
46 2 1 1 0 0 0 0 0 0
47 3 0 0 0 0 0 0 0 0
50 3 0 0 0 0 0 0 0 0
60 2 1 1 1 0 0 0 0 0
fl=./wcsmbs/../sysdeps/x86_64/multiarch/wcslen.c
fn=wcslen
29 3 2 2 1 0 0 0 0 0
fl=./wcsmbs/../sysdeps/x86_64/multiarch/wcsncpy.c
fn=wcsncpy
31 2 1 1 1 0 0 0 0 0
fl=./wcsmbs/../sysdeps/x86_64/multiarch/wcsnlen.c
fn=wcsnlen
30 3 1 1 1 0 0 0 0 0
fl=./wcsmbs/../sysdeps/x86_64/multiarch/wmemchr.c
fn=wmemchr
31 4 1 1 2 0 0 0 0 0
fl=./wcsmbs/../sysdeps/x86_64/multiarch/wmemcmp.c
fn=wmemcmp
29 4 1 1 1 0 0 0 0 0
fl=./wcsmbs/../sysdeps/x86_64/multiarch/wmemset.c
fn=wmemset
31 4 1 1 2 0 0 0 0 0
fl=/home/arb28/Cmpt295/lab8/array-2d.c
fn=create_array
17 5 1 1 0 0 0 3 0 0
18 3 0 0 0 0 0 1 0 0
19 2 0 0 0 0 0 0 0 0
22 24000003 0 0 0 0 0 0 0 0
23 48000000 1 1 16000000 0 0 16000000 1000000 1000000
26 5 0 0 4 0 0 0 0 0
fn=main
71 6 1 1 0 0 0 4 0 0
72 3 0 0 0 0 0 0 0 0
78 2 0 0 0 0 0 0 0 0
80 5 1 1 0 0 0 0 0 0
85 3 0 0 0 0 0 1 0 0
86 2 0 0 0 0 0 0 0 0
92 4 0 0 0 0 0 0 0 0
94 6 1 1 0 0 0 1 0 0
96 2 0 0 0 0 0 1 0 0
97 2 0 0 0 0 0 1 0 0
98 1 0 0 0 0 0 0 0 0
99 6 1 1 5 1 1 0 0 0
fn=sum_array_col
39 1 0 0 0 0 0 0 0 0
41 2 0 0 0 0 0 0 0 0
42 3204 0 0 0 0 0 0 0 0
43 32003200 0 0 0 0 0 0 0 0
44 8000000 0 0 8000000 8000000 991686 0 0 0
48 1 0 0 1 1 1 0 0 0
fn=time_it
55 14 1 1 1 0 0 6 0 0
57 3 0 0 0 0 0 1 0 0
59 3 1 1 0 0 0 1 0 0
60 5 0 0 0 0 0 1 0 0
61 3 0 0 0 0 0 1 0 0
63 9 1 1 5 1 1 0 0 0
64 1 0 0 0 0 0 1 1 1
65 2 0 0 1 0 0 1 0 0
67 11 0 0 8 2 2 0 0 0
fl=/usr/include/stdlib.h
fn=main
488 10 1 1 2 1 0 2 0 0
fl=/usr/include/x86_64-linux-gnu/bits/stdio2.h
fn=main
86 12 0 0 2 0 0 2 0 0
fl=???
fn=(below main)
0 12 2 2 2 0 0 3 0 0
fn=???
0 16000231 29 28 8000086 12 11 11 1 1
summary: 583903841 1516 1508 184036556 8001390 992862 88013874 1000429 1000402
